Workbook

Sheet main
A1: Country | B1: Estimate_TWFE | C1: Estimate_controls | D1: Estimate_Pooled
A2: Austria | B2: =VLOOKUP(A2,TWFE!$A$1:$B$27,2,FALSE) -> -0.54852832 | C2: =VLOOKUP(A2,TWFE_CONTROLS!$A$1:$B$30,2,FALSE) -> -0.50379095 | D2: =VLOOKUP(A2,Pooled!$A$1:$B$28,2,FALSE) -> -0.96096594
A3: Belgium | B3: =VLOOKUP(A3,TWFE!$A$1:$B$27,2,FALSE) -> -0.60265119 | C3: =VLOOKUP(A3,TWFE_CONTROLS!$A$1:$B$30,2,FALSE) -> -0.57561061 | D3: =VLOOKUP(A3,Pooled!$A$1:$B$28,2,FALSE) -> -0.43402255
A4: Bulgaria | B4: =VLOOKUP(A4,TWFE!$A$1:$B$27,2,FALSE) -> -1.8871403 | C4: =VLOOKUP(A4,TWFE_CONTROLS!$A$1:$B$30,2,FALSE) -> -1.7841706 | D4: =VLOOKUP(A4,Pooled!$A$1:$B$28,2,FALSE) -> -1.0065368
A5: Croatia | B5: =VLOOKUP(A5,TWFE!$A$1:$B$27,2,FALSE) -> -1.6547388 | C5: =VLOOKUP(A5,TWFE_CONTROLS!$A$1:$B$30,2,FALSE) -> -1.5329456 | D5: =VLOOKUP(A5,Pooled!$A$1:$B$28,2,FALSE) -> -2.5722879
A6: Cyprus | B6: =VLOOKUP(A6,TWFE!$A$1:$B$27,2,FALSE) -> -0.9021569 | C6: =VLOOKUP(A6,TWFE_CONTROLS!$A$1:$B$30,2,FALSE) -> -0.94501848 | D6: =VLOOKUP(A6,Pooled!$A$1:$B$28,2,FALSE) -> 0.25487109
A7: Czechia | B7: =VLOOKUP(A7,TWFE!$A$1:$B$27,2,FALSE) -> -1.1371955 | C7: =VLOOKUP(A7,TWFE_CONTROLS!$A$1:$B$30,2,FALSE) -> -1.0756571 | D7: =VLOOKUP(A7,Pooled!$A$1:$B$28,2,FALSE) -> -0.90108038
A8: Denmark | B8: =VLOOKUP(A8,TWFE!$A$1:$B$27,2,FALSE) -> -1.0464974 | C8: =VLOOKUP(A8,TWFE_CONTROLS!$A$1:$B$30,2,FALSE) -> -1.0301061 | D8: =VLOOKUP(A8,Pooled!$A$1:$B$28,2,FALSE) -> -1.6094098
A9: Estonia | B9: =VLOOKUP(A9,TWFE!$A$1:$B$27,2,FALSE) -> -1.4474386 | C9: =VLOOKUP(A9,TWFE_CONTROLS!$A$1:$B$30,2,FALSE) -> -1.4075163 | D9: =VLOOKUP(A9,Pooled!$A$1:$B$28,2,FALSE) -> -2.2373
A10: Finland | B10: =VLOOKUP(A10,TWFE!$A$1:$B$27,2,FALSE) -> -1.7563408 | C10: =VLOOKUP(A10,TWFE_CONTROLS!$A$1:$B$30,2,FALSE) -> -1.6216423 | D10: =VLOOKUP(A10,Pooled!$A$1:$B$28,2,FALSE) -> -1.8172437
A11: France | B11: =VLOOKUP(A11,TWFE!$A$1:$B$27,2,FALSE) -> -0.59709957 | C11: =VLOOKUP(A11,TWFE_CONTROLS!$A$1:$B$30,2,FALSE) -> -0.53652431 | D11: =VLOOKUP(A11,Pooled!$A$1:$B$28,2,FALSE) -> 1.1787824
A12: Germany | B12: =VLOOKUP(A12,TWFE!$A$1:$B$27,2,FALSE) -> -0.6814944 | C12: =VLOOKUP(A12,TWFE_CONTROLS!$A$1:$B$30,2,FALSE) -> -0.58277125 | D12: =VLOOKUP(A12,Pooled!$A$1:$B$28,2,FALSE) -> 0.65201605
A13: Greece | B13: =VLOOKUP(A13,TWFE!$A$1:$B$27,2,FALSE) -> -0.86574363 | C13: =VLOOKUP(A13,TWFE_CONTROLS!$A$1:$B$30,2,FALSE) -> -0.71947138 | D13: =VLOOKUP(A13,Pooled!$A$1:$B$28,2,FALSE) -> 0.1051482
... A27: Sweden | B27: =VLOOKUP(A27,TWFE!$A$1:$B$27,2,FALSE) -> -0.96684277 | C27: =VLOOKUP(A27,TWFE_CONTROLS!$A$1:$B$30,2,FALSE) -> -0.92763206 | D27: =VLOOKUP(A27,Pooled!$A$1:$B$28,2,FALSE) -> -0.62964371

Sheet TWFE
A1: Term | B1: estimate | C1: std.error | D1: statistic | E1: p.value | F1: conf.low | G1: conf.high
A2: Austria | B2: -0.54852832 | C2: 0.053467133 | D2: -10.259279 | E2: 2.8904301e-06 | F2: -0.66948532 | G2: -0.4275832
A3: Belgium | B3: -0.60265119 | C3: 0.066890442 | D3: -9.0096151 | E3: 8.4637892e-06 | F3: -0.75397382 | G3: -0.45134044
A4: Bulgaria | B4: -1.8871403 | C4: 0.13227255 | D4: -14.267104 | E4: 1.741634e-07 | F4: -2.1863675 | G4: -1.5879249
A5: Croatia | B5: -1.6547388 | C5: 0.10994112 | D5: -15.051191 | E5: 1.0952076e-07 | F5: -1.9034488 | G5: -1.4060406
A6: Cyprus | B6: -0.9021569 | C6: 0.068075532 | D6: -13.25238 | E6: 3.2915851e-07 | F6: -1.0561604 | G6: -0.74816529
A7: Czechia | B7: -1.1371955 | C7: 0.056221398 | D7: -20.2272 | E7: 8.2183524e-09 | F7: -1.2643831 | G7: -1.0100198
A8: Denmark | B8: -1.0464974 | C8: 0.11055359 | D8: -9.4660278 | E8: 5.63899e-06 | F8: -1.296593 | G8: -0.79641378
A9: Estonia | B9: -1.4474386 | C9: 0.1189909 | D9: -12.164329 | E9: 6.8569549e-07 | F9: -1.7166206 | G9: -1.1782684
A10: Finland | B10: -1.7563408 | C10: 0.20804538 | D10: -8.442133 | E10: 1.4366154e-05 | F10: -2.2269781 | G10: -1.2857154
A11: France | B11: -0.59709957 | C11: 0.062239969 | D11: -9.5936024 | E11: 5.0485996e-06 | F11: -0.7379021 | G11: -0.45630892
A12: Germany | B12: -0.6814944 | C12: 0.072888343 | D12: -9.3499223 | E12: 6.2428939e-06 | F12: -0.84638524 | G12: -0.51661546
A13: Greece | B13: -0.86574363 | C13: 0.078845789 | D13: -10.980289 | E13: 1.634464e-06 | F13: -1.0441111 | G13: -0.68738801
... A27: Sweden | B27: -0.96684277 | C27: 0.14101799 | D27: -6.8562082 | E27: 7.4215277e-05 | F27: -1.2858536 | G27: -0.64784386

Sheet TWFE_CONTROLS
A1: term | B1: estimate | C1: std.error | D1: statistic | E1: p.value | F1: conf.low | G1: conf.high
A2: Austria | B2: -0.50379095 | C2: 0.058267878 | D2: -8.6664826 | E2: 1.1615841e-05 | F2: -0.63678864 | G2: -0.37316645
A3: Belgium | B3: -0.57561061 | C3: 0.071291827 | D3: -8.0026681 | E3: 2.2075923e-05 | F3: -0.73179815 | G3: -0.40925151
A4: Bulgaria | B4: -1.7841706 | C4: 0.11192657 | D4: -15.638614 | E4: 7.8498901e-08 | F4: -2.003572 | G4: -1.497181
A5: Croatia | B5: -1.5329456 | C5: 0.10247928 | D5: -14.633969 | E5: 1.3978191e-07 | F5: -1.7315029 | G5: -1.2678544
A6: Cyprus | B6: -0.94501848 | C6: 0.060451 | D6: -15.304714 | E6: 9.4719662e-08 | F6: -1.0619349 | G6: -0.78843562
A7: Czechia | B7: -1.0756571 | C7: 0.075829724 | D7: -14.118468 | E7: 1.9067716e-07 | F7: -1.2421383 | G7: -0.89906075
A8: Denmark | B8: -1.0301061 | C8: 0.12981886 | D8: -7.8940198 | E8: 2.461952e-05 | F8: -1.3184633 | G8: -0.73112198
A9: Estonia | B9: -1.4075163 | C9: 0.13947774 | D9: -10.014724 | E9: 3.534678e-06 | F9: -1.7123517 | G9: -1.0813105
A10: Finland | B10: -1.6216423 | C10: 0.20593792 | D10: -7.9162608 | E10: 2.4073743e-05 | F10: -2.0961223 | G10: -1.1643944
A11: France | B11: -0.53652431 | C11: 0.057085737 | D11: -9.480817 | E11: 5.5668012e-06 | F11: -0.67035634 | G11: -0.41208252
A12: Germany | B12: -0.58277125 | C12: 0.059079767 | D12: -9.9098581 | E12: 3.8581584e-06 | F12: -0.71911983 | G12: -0.45182439
A13: Greece | B13: -0.71947138 | C13: 0.038715665 | D13: -18.524415 | E13: 1.7830586e-08 | F13: -0.80476595 | G13: -0.62960411
... A30: Control | B30: 0.0024024106 | C30: 0.0034752921 | D30: 0.21805007 | E30: 0.83225384 | F30: -0.0071038693 | G30: 0.0086194447

Sheet TWFE_unweighted
A1: Term | B1: estimate | C1: std.error | D1: statistic | E1: p.value | F1: conf.low | G1: conf.high
A2: Austria | B2: -0.68602943 | C2: 0.080635037 | D2: -8.507833 | E2: 1.3493113e-05 | F2: -0.86843856 | G2: -0.50362031
A3: Belgium | B3: -0.74015231 | C3: 0.094411982 | D3: -7.8396014 | E3: 2.6013018e-05 | F3: -0.95372705 | G3: -0.52657757
A4: Bulgaria | B4: -2.0246414 | C4: 0.15977882 | D4: -12.671525 | E4: 4.8359354e-07 | F4: -2.3860862 | G4: -1.6631966
A5: Croatia | B5: -1.7922399 | C5: 0.13122034 | D5: -13.658248 | E5: 2.5384977e-07 | F5: -2.0890809 | G5: -1.4953988
A6: Cyprus | B6: -1.039658 | C6: 0.097164807 | D6: -10.699944 | E6: 2.03198e-06 | F6: -1.2594601 | G6: -0.81985595
A7: Czechia | B7: -1.2746967 | C7: 0.065361764 | D7: -19.502176 | E7: 1.1338726e-08 | F7: -1.4225552 | G7: -1.1268381
A8: Denmark | B8: -1.1839986 | C8: 0.13366216 | D8: -8.8581434 | E8: 9.7212372e-06 | F8: -1.4863634 | G8: -0.88163375
A9: Estonia | B9: -1.5849397 | C9: 0.14513724 | D9: -10.920283 | E9: 1.7117235e-06 | F9: -1.9132629 | G9: -1.2566164
A10: Finland | B10: -1.8938419 | C10: 0.23477084 | D10: -8.0667681 | E10: 2.0711477e-05 | F10: -2.4249305 | G10: -1.3627534
A11: France | B11: -0.73460069 | C11: 0.086036302 | D11: -8.5382643 | E11: 1.3108631e-05 | F11: -0.92922832 | G11: -0.53997305
A12: Germany | B12: -0.81899552 | C12: 0.10110293 | D12: -8.1006113 | E12: 2.0028631e-05 | F12: -1.0477062 | G12: -0.59028481
A13: Greece | B13: -1.0032448 | C13: 0.10402913 | D13: -9.6438831 | E13: 4.8349032e-06 | F13: -1.238575 | G13: -0.76791451
... A27: Sweden | B27: -1.1043439 | C27: 0.16743213 | D27: -6.5957704 | E27: 9.9759895e-05 | F27: -1.4831017 | G27: -0.7255861

Sheet Pooled
A1: Term | B1: estimate | C1: std.error | D1: statistic | E1: p.value | F1: conf.low | G1: conf.high
A2: Constant | B2: 6.8442565 | C2: 0.031906124 | D2: 214.50571 | E2: 5.2914369e-18 | F2: 6.7718692 | G2: 6.9162226
A3: Austria | B3: -0.96096594 | C3: 0.046134178 | D3: -20.825241 | E3: 6.3542332e-09 | F3: -1.0651181 | G3: -0.85639261
A4: Belgium | B4: -0.43402255 | C4: 0.059074291 | D4: -7.3434988 | E4: 4.3573754e-05 | F4: -0.56744731 | G4: -0.30017665
A5: Bulgaria | B5: -1.0065368 | C5: 0.10097597 | D5: -9.9659965 | E5: 3.6811107e-06 | F5: -1.2347497 | G5: -0.77790268
A6: Croatia | B6: -2.5722879 | C6: 0.097999409 | D6: -26.245846 | E6: 8.1707373e-10 | F6: -2.7937674 | G6: -2.3503873
A7: Cyprus | B7: 0.25487109 | C7: 0.041971261 | D7: 6.0775315 | E7: 0.00018420439 | F7: 0.16013607 | G7: 0.35002725
A8: Czechia | B8: -0.90108038 | C8: 0.052004303 | D8: -17.322986 | E8: 3.2118411e-08 | F8: -1.0185117 | G8: -0.7832279
A9: Denmark | B9: -1.6094098 | C9: 0.093211768 | D9: -17.263907 | E9: 3.3094231e-08 | F9: -1.8200589 | G9: -1.3983396
A10: Estonia | B10: -2.2373 | C10: 0.10404638 | D10: -21.500887 | E10: 4.7918432e-09 | F10: -2.4724587 | G10: -2.0017202
A11: Finland | B11: -1.8172437 | C11: 0.17431001 | D11: -10.424147 | E11: 2.5296006e-06 | F11: -2.2113498 | G11: -1.4227165
A12: France | B12: 1.1787824 | C12: 0.060309903 | D12: 19.548912 | E12: 1.1102096e-08 | F12: 1.0425625 | G12: 1.3154234
A13: Germany | B13: 0.65201605 | C13: 0.063181445 | D13: 10.323072 | E13: 2.7444838e-06 | F13: 0.50930027 | G13: 0.79515298
... A28: Sweden | B28: -0.62964371 | C28: 0.12375307 | D28: -5.0862022 | E28: 0.00065729597 | F28: -0.90938203 | G28: -0.34948425
