Workbook

Sheet main_df
A1: Year | B1: Domicile_named_country | D1: Applicants | E1: Accepted_applicants | F1: Acceptance_rate | G1: Applicants_with_no_applications | H1: log_app | I1: EU | J1: Treated | K1: Post | L1: event_time | M1: EU_group | N1: treated_factor | O1: regression_weight | P1: did | Q1: iso3c | R1: GDP_ISO3c | S1: GDP_CN | T1: GDP_SOURCE | U1: GDPpc | V1: Pop_SOURCE | W1: Pop15_64 | X1: YU_SOURCE | Y1: YouthUnempl | Z1: EduSpendGDP | AA1: lN_GDP_SR | AB1: C_lN_GDP_SR | AC1: c_log_GDPpc | AD1: c_log_Pop15_64 | AE1: c_YouthUnempl | AG1: Check GDP | AH1: Check POP | AI1: CHECK YU | AJ1: CHECK_APP
A2: 2016 | B2: Austria | C2: =VLOOKUP(B2,Sheet5!$B$2:$C$2166,2,FALSE) -> 650 | D2: 650 | E2: 370 | F2: 0.5670000000000001 | G2: 5 | H2: 6.4769724 | I2: 1 | J2: 1 | K2: 0 | L2: -4 | M2: Real_EU | N2: Austria | O2: 1 | P2: 0 | Q2: AUT | R2: =VLOOKUP(Q2,GDP!$A$2:$B$266,1,FALSE) -> AUT | S2: =VLOOKUP(Q2,GDP!$A$2:$B$266,2,FALSE) -> Austria | T2: =VLOOKUP(Q2,GDP!$A$1:$C$266,3,FALSE) -> 61572.626 | U2: 61572.626 | V2: =VLOOKUP(Q2,POP!$B$5:$M$269,3,FALSE) -> 5865273 | W2: 5865273 | X2: =VLOOKUP(Q2,YU!$B$1:$D$266,3,FALSE) -> 11.424 | Y2: 11.424 | Z2: 5.5095401 | AA2: =LN(T2) -> 11.027973 | AB2: =AA2-AVERAGE($AA$2:$AA$469) -> 0.50357596 | AC2: 0.50357596 | AD2: -0.32732552 | AE2: -3.891406 | AG2: =T2-U2 -> 0 | AH2: =V2-W2 -> 0 | AI2: =X2-Y2 -> 0 | AJ2: =LN(C2)-H2 -> 0
A3: 2017 | B3: Austria | C3: =VLOOKUP(B3,Sheet5!$B$2:$C$2166,2,FALSE) -> 650 | D3: 590 | E3: 340 | F3: 0.5710000000000001 | G3: 0 | H3: 6.3801225 | I3: 1 | J3: 1 | K3: 0 | L3: -3 | M3: Real_EU | N3: Austria | O3: 1 | P3: 0 | Q3: AUT | R3: =VLOOKUP(Q3,GDP!$A$2:$B$266,1,FALSE) -> AUT | S3: =VLOOKUP(Q3,GDP!$A$2:$B$266,2,FALSE) -> Austria | T3: =VLOOKUP(Q3,GDP!$A$1:$L$266,4,FALSE) -> 62535.811 | U3: 62535.811 | V3: =VLOOKUP(Q3,POP!$B$5:$M$269,4,FALSE) -> 5892111 | W3: 5892111 | X3: =VLOOKUP(Q3,YU!$B$1:$M$266,4,FALSE) -> 9.971 | Y3: 9.971 | Z3: 5.4018102 | AA3: =LN(T3) -> 11.043495 | AB3: =AA3-AVERAGE($AA$2:$AA$469) -> 0.51909794 | AC3: 0.51909794 | AD3: -0.32276021 | AE3: -5.344406 | AG3: =T3-U3 -> 0 | AH3: =V3-W3 -> 0 | AI3: =X3-Y3 -> 0 | AJ3: =LN(C3)-H3 -> 0.096849826
A4: 2018 | B4: Austria | C4: =VLOOKUP(B4,Sheet5!$B$2:$C$2166,2,FALSE) -> 650 | D4: 625 | E4: 335 | F4: 0.537 | G4: 0 | H4: 6.4377516 | I4: 1 | J4: 1 | K4: 0 | L4: -2 | M4: Real_EU | N4: Austria | O4: 1 | P4: 0 | Q4: AUT | R4: =VLOOKUP(Q4,GDP!$A$2:$B$266,1,FALSE) -> AUT | S4: =VLOOKUP(Q4,GDP!$A$2:$B$266,2,FALSE) -> Austria | T4: =VLOOKUP(Q4,GDP!$A$1:$L$266,5,FALSE) -> 63777.936 | U4: 63777.936 | V4: =VLOOKUP(Q4,POP!$B$5:$M$269,5,FALSE) -> 5906127 | W4: 5906127 | X4: =VLOOKUP(Q4,YU!$B$1:$M$266,5,FALSE) -> 9.572 | Y4: 9.572 | Z4: 5.2543702 | AA4: =LN(T4) -> 11.063163 | AB4: =AA4-AVERAGE($AA$2:$AA$469) -> 0.53876588 | AC4: 0.53876588 | AD4: -0.32038426 | AE4: -5.743406 | AG4: =T4-U4 -> 0 | AH4: =V4-W4 -> 0 | AI4: =X4-Y4 -> 0 | AJ4: =LN(C4)-H4 -> 0.039220713
A5: 2019 | B5: Austria | C5: =VLOOKUP(B5,Sheet5!$B$2:$C$2166,2,FALSE) -> 650 | D5: 625 | E5: 345 | F5: 0.551 | G5: 0 | H5: 6.4377516 | I5: 1 | J5: 1 | K5: 0 | L5: -1 | M5: Real_EU | N5: Austria | O5: 1 | P5: 0 | Q5: AUT | R5: =VLOOKUP(Q5,GDP!$A$2:$B$266,1,FALSE) -> AUT | S5: =VLOOKUP(Q5,GDP!$A$2:$B$266,2,FALSE) -> Austria | T5: =VLOOKUP(Q5,GDP!$A$1:$L$266,6,FALSE) -> 64609.284 | U5: 64609.284 | V5: =VLOOKUP(Q5,POP!$B$5:$M$269,6,FALSE) -> 5917299 | W5: 5917299 | X5: =VLOOKUP(Q5,YU!$B$1:$M$266,6,FALSE) -> 8.767 | Y5: 8.767 | Z5: 5.2367802 | AA5: =LN(T5) -> 11.076113 | AB5: =AA5-AVERAGE($AA$2:$AA$469) -> 0.55171669 | AC5: 0.55171669 | AD5: -0.31849446 | AE5: -6.548406 | AG5: =T5-U5 -> 0 | AH5: =V5-W5 -> 0 | AI5: =X5-Y5 -> 0 | AJ5: =LN(C5)-H5 -> 0.039220713
A6: 2020 | B6: Austria | C6: =VLOOKUP(B6,Sheet5!$B$2:$C$2166,2,FALSE) -> 650 | D6: 550 | E6: 295 | F6: 0.535 | G6: 0 | H6: 6.3099183 | I6: 1 | J6: 1 | K6: 0 | L6: 0 | M6: Real_EU | N6: Austria | O6: 1 | P6: 0 | Q6: AUT | R6: =VLOOKUP(Q6,GDP!$A$2:$B$266,1,FALSE) -> AUT | S6: =VLOOKUP(Q6,GDP!$A$2:$B$266,2,FALSE) -> Austria | T6: =VLOOKUP(Q6,GDP!$A$1:$L$266,7,FALSE) -> 60276.331 | U6: 60276.331 | V6: =VLOOKUP(Q6,POP!$B$5:$M$269,7,FALSE) -> 5924102 | W6: 5924102 | X6: =VLOOKUP(Q6,YU!$B$1:$M$266,7,FALSE) -> 10.325 | Y6: 10.325 | Z6: 5.5796199 | AA6: =LN(T6) -> 11.006695 | AB6: =AA6-AVERAGE($AA$2:$AA$469) -> 0.48229808 | AC6: 0.48229808 | AD6: -0.31734544 | AE6: -4.990406 | AG6: =T6-U6 -> 0 | AH6: =V6-W6 -> 0 | AI6: =X6-Y6 -> 0 | AJ6: =LN(C6)-H6 -> 0.16705408
A7: 2021 | B7: Austria | C7: =VLOOKUP(B7,Sheet5!$B$2:$C$2166,2,FALSE) -> 650 | D7: 405 | E7: 165 | F7: 0.41300000000000003 | G7: 0 | H7: 6.0038871 | I7: 1 | J7: 1 | K7: 1 | L7: 1 | M7: Real_EU | N7: Austria | O7: 1 | P7: 1 | Q7: AUT | R7: =VLOOKUP(Q7,GDP!$A$2:$B$266,1,FALSE) -> AUT | S7: =VLOOKUP(Q7,GDP!$A$2:$B$266,2,FALSE) -> Austria | T7: =VLOOKUP(Q7,GDP!$A$1:$L$266,8,FALSE) -> 62968.854 | U7: 62968.854 | V7: =VLOOKUP(Q7,POP!$B$5:$M$269,8,FALSE) -> 5926631 | W7: 5926631 | X7: =VLOOKUP(Q7,YU!$B$1:$M$266,8,FALSE) -> 12.023 | Y7: 12.023 | Z7: 5.48071 | AA7: =LN(T7) -> 11.050396 | AB7: =AA7-AVERAGE($AA$2:$AA$469) -> 0.5259988 | AC7: 0.5259988 | AD7: -0.31691863 | AE7: -3.292406 | AG7: =T7-U7 -> 0 | AH7: =V7-W7 -> 0 | AI7: =X7-Y7 -> 0 | AJ7: =LN(C7)-H7 -> 0.4730853
A8: 2022 | B8: Austria | C8: =VLOOKUP(B8,Sheet5!$B$2:$C$2166,2,FALSE) -> 650 | D8: 365 | E8: 170 | F8: 0.463 | G8: 0 | H8: 5.8998974 | I8: 1 | J8: 1 | K8: 1 | L8: 2 | M8: Real_EU | N8: Austria | O8: 1 | P8: 1 | Q8: AUT | R8: =VLOOKUP(Q8,GDP!$A$2:$B$266,1,FALSE) -> AUT | S8: =VLOOKUP(Q8,GDP!$A$2:$B$266,2,FALSE) -> Austria | T8: =VLOOKUP(Q8,GDP!$A$1:$L$266,9,FALSE) -> 65694.459 | U8: 65694.459 | V8: =VLOOKUP(Q8,POP!$B$5:$M$269,9,FALSE) -> 5955333 | W8: 5955333 | X8: =VLOOKUP(Q8,YU!$B$1:$M$266,9,FALSE) -> 10.327 | Y8: 10.327 | Z8: 5.2774901 | AA8: =LN(T8) -> 11.09277 | AB8: =AA8-AVERAGE($AA$2:$AA$469) -> 0.56837316 | AC8: 0.56837316 | AD8: -0.31208743 | AE8: -4.988406 | AG8: =T8-U8 -> 0 | AH8: =V8-W8 -> 0 | AI8: =X8-Y8 -> 0 | AJ8: =LN(C8)-H8 -> 0.57707501
A9: 2023 | B9: Austria | C9: =VLOOKUP(B9,Sheet5!$B$2:$C$2166,2,FALSE) -> 650 | D9: 340 | E9: 155 | F9: 0.449 | G9: 0 | H9: 5.8289456 | I9: 1 | J9: 1 | K9: 1 | L9: 3 | M9: Real_EU | N9: Austria | O9: 1 | P9: 1 | Q9: AUT | R9: =VLOOKUP(Q9,GDP!$A$2:$B$266,1,FALSE) -> AUT | S9: =VLOOKUP(Q9,GDP!$A$2:$B$266,2,FALSE) -> Austria | T9: =VLOOKUP(Q9,GDP!$A$1:$L$266,10,FALSE) -> 64536.208 | U9: 64536.208 | V9: =VLOOKUP(Q9,POP!$B$5:$M$269,10,FALSE) -> 5984348 | W9: 5984348 | X9: =VLOOKUP(Q9,YU!$B$1:$M$266,10,FALSE) -> 10.98 | Y9: 10.98 | AA9: =LN(T9) -> 11.074982 | AB9: =AA9-AVERAGE($AA$2:$AA$469) -> 0.550585 | AC9: 0.550585 | AD9: -0.30722716 | AE9: -4.335406 | AG9: =T9-U9 -> 0 | AH9: =V9-W9 -> 0 | AI9: =X9-Y9 -> 0 | AJ9: =LN(C9)-H9 -> 0.64802675
A10: 2024 | B10: Austria | C10: =VLOOKUP(B10,Sheet5!$B$2:$C$2166,2,FALSE) -> 650 | D10: 365 | E10: 160 | F10: 0.44 | G10: 0 | H10: 5.8998974 | I10: 1 | J10: 1 | K10: 1 | L10: 4 | M10: Real_EU | N10: Austria | O10: 1 | P10: 1 | Q10: AUT | R10: =VLOOKUP(Q10,GDP!$A$2:$B$266,1,FALSE) -> AUT | S10: =VLOOKUP(Q10,GDP!$A$2:$B$266,2,FALSE) -> Austria | T10: =VLOOKUP(Q10,GDP!$A$1:$L$266,11,FALSE) -> 63787.989 | U10: 63787.989 | V10: =VLOOKUP(Q10,POP!$B$5:$M$269,11,FALSE) -> 5980887 | W10: 5980887 | X10: =VLOOKUP(Q10,YU!$B$1:$M$266,11,FALSE) -> 10.428 | Y10: 10.428 | AA10: =LN(T10) -> 11.06332 | AB10: =AA10-AVERAGE($AA$2:$AA$469) -> 0.53892349 | AC10: 0.53892349 | AD10: -0.30780567 | AE10: -4.887406 | AG10: =T10-U10 -> 0 | AH10: =V10-W10 -> 0 | AI10: =X10-Y10 -> 0 | AJ10: =LN(C10)-H10 -> 0.57707501
A11: 2016 | B11: Belgium | C11: =VLOOKUP(B11,Sheet5!$B$2:$C$2166,2,FALSE) -> 1135 | D11: 1135 | E11: 645 | F11: 0.5700000000000001 | G11: 0 | H11: 7.0343879 | I11: 1 | J11: 1 | K11: 0 | L11: -4 | M11: Real_EU | N11: Belgium | O11: 1 | P11: 0 | Q11: BEL | R11: =VLOOKUP(Q11,GDP!$A$2:$B$266,1,FALSE) -> BEL | S11: =VLOOKUP(Q11,GDP!$A$2:$B$266,2,FALSE) -> Belgium | T11: =VLOOKUP(Q11,GDP!$A$1:$C$266,3,FALSE) -> 57901.498 | U11: 57901.498 | V11: =VLOOKUP(Q11,POP!$B$5:$M$269,3,FALSE) -> 7326984 | W11: 7326984 | X11: =VLOOKUP(Q11,YU!$B$1:$D$266,3,FALSE) -> 20.108 | Y11: 20.108 | Z11: 6.4861302 | AA11: =LN(T11) -> 10.966499 | AB11: =AA11-AVERAGE($AA$2:$AA$469) -> 0.44210183 | AC11: 0.44210183 | AD11: -0.10481058 | AE11: 4.792594 | AG11: =T11-U11 -> 0 | AH11: =V11-W11 -> 0 | AI11: =X11-Y11 -> 0 | AJ11: =LN(C11)-H11 -> 0
A12: 2017 | B12: Belgium | C12: =VLOOKUP(B12,Sheet5!$B$2:$C$2166,2,FALSE) -> 1135 | D12: 1105 | E12: 650 | F12: 0.589 | G12: 5 | H12: 7.0076006 | I12: 1 | J12: 1 | K12: 0 | L12: -3 | M12: Real_EU | N12: Belgium | O12: 1 | P12: 0 | Q12: BEL | R12: =VLOOKUP(Q12,GDP!$A$2:$B$266,1,FALSE) -> BEL | S12: =VLOOKUP(Q12,GDP!$A$2:$B$266,2,FALSE) -> Belgium | T12: =VLOOKUP(Q12,GDP!$A$1:$L$266,4,FALSE) -> 58529.33 | U12: 58529.33 | V12: =VLOOKUP(Q12,POP!$B$5:$M$269,4,FALSE) -> 7330451 | W12: 7330451 | X12: =VLOOKUP(Q12,YU!$B$1:$M$266,4,FALSE) -> 19.236 | Y12: 19.236 | Z12: 6.4491501 | AA12: =LN(T12) -> 10.977283 | AB12: =AA12-AVERAGE($AA$2:$AA$469) -> 0.45288658 | AC12: 0.45288658 | AD12: -0.10433751 | AE12: 3.920594 | AG12: =T12-U12 -> 0 | AH12: =V12-W12 -> 0 | AI12: =X12-Y12 -> 0 | AJ12: =LN(C12)-H12 -> 0.026787316
A13: 2018 | B13: Belgium | C13: =VLOOKUP(B13,Sheet5!$B$2:$C$2166,2,FALSE) -> 1135 | D13: 1110 | E13: 670 | F13: 0.605 | G13: 5 | H13: 7.0121153 | I13: 1 | J13: 1 | K13: 0 | L13: -2 | M13: Real_EU | N13: Belgium | O13: 1 | P13: 0 | Q13: BEL | R13: =VLOOKUP(Q13,GDP!$A$2:$B$266,1,FALSE) -> BEL | S13: =VLOOKUP(Q13,GDP!$A$2:$B$266,2,FALSE) -> Belgium | T13: =VLOOKUP(Q13,GDP!$A$1:$L$266,5,FALSE) -> 59357.69 | U13: 59357.69 | V13: =VLOOKUP(Q13,POP!$B$5:$M$269,5,FALSE) -> 7341283 | W13: 7341283 | X13: =VLOOKUP(Q13,YU!$B$1:$M$266,5,FALSE) -> 15.748 | Y13: 15.748 | Z13: 6.3888302 | AA13: =LN(T13) -> 10.991337 | AB13: =AA13-AVERAGE($AA$2:$AA$469) -> 0.46694025 | AC13: 0.46694025 | AD13: -0.10286093 | AE13: 0.43259402 | AG13: =T13-U13 -> 0 | AH13: =V13-W13 -> 0 | AI13: =X13-Y13 -> 0 | AJ13: =LN(C13)-H13 -> 0.022272636
A14: 2019 | B14: Belgium | C14: =VLOOKUP(B14,Sheet5!$B$2:$C$2166,2,FALSE) -> 1135 | D14: 1055 | E14: 605 | F14: 0.5710000000000001 | G14: 5 | H14: 6.961296 | I14: 1 | J14: 1 | K14: 0 | L14: -1 | M14: Real_EU | N14: Belgium | O14: 1 | P14: 0 | Q14: BEL | R14: =VLOOKUP(Q14,GDP!$A$2:$B$266,1,FALSE) -> BEL | S14: =VLOOKUP(Q14,GDP!$A$2:$B$266,2,FALSE) -> Belgium | T14: =VLOOKUP(Q14,GDP!$A$1:$L$266,6,FALSE) -> 60479.977 | U14: 60479.977 | V14: =VLOOKUP(Q14,POP!$B$5:$M$269,6,FALSE) -> 7362072 | W14: 7362072 | X14: =VLOOKUP(Q14,YU!$B$1:$M$266,6,FALSE) -> 14.236 | Y14: 14.236 | Z14: 6.3238101 | AA14: =LN(T14) -> 11.010068 | AB14: =AA14-AVERAGE($AA$2:$AA$469) -> 0.48567093 | AC14: 0.48567093 | AD14: -0.10003314 | AE14: -1.079406 | AG14: =T14-U14 -> 0 | AH14: =V14-W14 -> 0 | AI14: =X14-Y14 -> 0 | AJ14: =LN(C14)-H14 -> 0.073091884
A15: 2020 | B15: Belgium | C15: =VLOOKUP(B15,Sheet5!$B$2:$C$2166,2,FALSE) -> 1135 | D15: 1025 | E15: 595 | F15: 0.58 | G15: 10 | H15: 6.9324479 | I15: 1 | J15: 1 | K15: 0 | L15: 0 | M15: Real_EU | N15: Belgium | O15: 1 | P15: 0 | Q15: BEL | R15: =VLOOKUP(Q15,GDP!$A$2:$B$266,1,FALSE) -> BEL | S15: =VLOOKUP(Q15,GDP!$A$2:$B$266,2,FALSE) -> Belgium | T15: =VLOOKUP(Q15,GDP!$A$1:$L$266,7,FALSE) -> 57333.542 | U15: 57333.542 | V15: =VLOOKUP(Q15,POP!$B$5:$M$269,7,FALSE) -> 7381890 | W15: 7381890 | X15: =VLOOKUP(Q15,YU!$B$1:$M$266,7,FALSE) -> 15.326 | Y15: 15.326 | Z15: 6.7547002 | AA15: =LN(T15) -> 10.956641 | AB15: =AA15-AVERAGE($AA$2:$AA$469) -> 0.43224441 | AC15: 0.43224441 | AD15: -0.097344847 | AE15: 0.010594017 | AG15: =T15-U15 -> 0 | AH15: =V15-W15 -> 0 | AI15: =X15-Y15 -> 0 | AJ15: =LN(C15)-H15 -> 0.10194004
A16: 2021 | B16: Belgium | C16: =VLOOKUP(B16,Sheet5!$B$2:$C$2166,2,FALSE) -> 1135 | D16: 725 | E16: 345 | F16: 0.47400000000000003 | G16: 0 | H16: 6.5861717 | I16: 1 | J16: 1 | K16: 1 | L16: 1 | M16: Real_EU | N16: Belgium | O16: 1 | P16: 1 | Q16: BEL | R16: =VLOOKUP(Q16,GDP!$A$2:$B$266,1,FALSE) -> BEL | S16: =VLOOKUP(Q16,GDP!$A$2:$B$266,2,FALSE) -> Belgium | T16: =VLOOKUP(Q16,GDP!$A$1:$L$266,8,FALSE) -> 60669.214 | U16: 60669.214 | V16: =VLOOKUP(Q16,POP!$B$5:$M$269,8,FALSE) -> 7399545 | W16: 7399545 | X16: =VLOOKUP(Q16,YU!$B$1:$M$266,8,FALSE) -> 18.206 | Y16: 18.206 | Z16: 6.3808198 | AA16: =LN(T16) -> 11.013192 | AB16: =AA16-AVERAGE($AA$2:$AA$469) -> 0.48879496 | AC16: 0.48879496 | AD16: -0.094956038 | AE16: 2.890594 | AG16: =T16-U16 -> 0 | AH16: =V16-W16 -> 0 | AI16: =X16-Y16 -> 0 | AJ16: =LN(C16)-H16 -> 0.44821628
A17: 2022 | B17: Belgium | C17: =VLOOKUP(B17,Sheet5!$B$2:$C$2166,2,FALSE) -> 1135 | D17: 620 | E17: 305 | F17: 0.489 | G17: 5 | H17: 6.4297195 | I17: 1 | J17: 1 | K17: 1 | L17: 2 | M17: Real_EU | N17: Belgium | O17: 1 | P17: 1 | Q17: BEL | R17: =VLOOKUP(Q17,GDP!$A$2:$B$266,1,FALSE) -> BEL | S17: =VLOOKUP(Q17,GDP!$A$2:$B$266,2,FALSE) -> Belgium | T17: =VLOOKUP(Q17,GDP!$A$1:$L$266,9,FALSE) -> 62602.927 | U17: 62602.927 | V17: =VLOOKUP(Q17,POP!$B$5:$M$269,9,FALSE) -> 7440659 | W17: 7440659 | X17: =VLOOKUP(Q17,YU!$B$1:$M$266,9,FALSE) -> 16.41 | Y17: 16.41 | Z17: 6.2761102 | AA17: =LN(T17) -> 11.044567 | AB17: =AA17-AVERAGE($AA$2:$AA$469) -> 0.52017061 | AC17: 0.52017061 | AD17: -0.08941513 | AE17: 1.094594 | AG17: =T17-U17 -> 0 | AH17: =V17-W17 -> 0 | AI17: =X17-Y17 -> 0 | AJ17: =LN(C17)-H17 -> 0.60466845
A18: 2023 | B18: Belgium | C18: =VLOOKUP(B18,Sheet5!$B$2:$C$2166,2,FALSE) -> 1135 | D18: 590 | E18: 295 | F18: 0.499 | G18: 5 | H18: 6.3801225 | I18: 1 | J18: 1 | K18: 1 | L18: 3 | M18: Real_EU | N18: Belgium | O18: 1 | P18: 1 | Q18: BEL | R18: =VLOOKUP(Q18,GDP!$A$2:$B$266,1,FALSE) -> BEL | S18: =VLOOKUP(Q18,GDP!$A$2:$B$266,2,FALSE) -> Belgium | T18: =VLOOKUP(Q18,GDP!$A$1:$L$266,10,FALSE) -> 63042.01 | U18: 63042.01 | V18: =VLOOKUP(Q18,POP!$B$5:$M$269,10,FALSE) -> 7487803 | W18: 7487803 | X18: =VLOOKUP(Q18,YU!$B$1:$M$266,10,FALSE) -> 16.119 | Y18: 16.119 | AA18: =LN(T18) -> 11.051557 | AB18: =AA18-AVERAGE($AA$2:$AA$469) -> 0.52715991 | AC18: 0.52715991 | AD18: -0.08309912 | AE18: 0.80359402 | AG18: =T18-U18 -> 0 | AH18: =V18-W18 -> 0 | AI18: =X18-Y18 -> 0 | AJ18: =LN(C18)-H18 -> 0.65426539
A19: 2024 | B19: Belgium | C19: =VLOOKUP(B19,Sheet5!$B$2:$C$2166,2,FALSE) -> 1135 | D19: 575 | E19: 285 | F19: 0.492 | G19: 5 | H19: 6.35437 | I19: 1 | J19: 1 | K19: 1 | L19: 4 | M19: Real_EU | N19: Belgium | O19: 1 | P19: 1 | Q19: BEL | R19: =VLOOKUP(Q19,GDP!$A$2:$B$266,1,FALSE) -> BEL | S19: =VLOOKUP(Q19,GDP!$A$2:$B$266,2,FALSE) -> Belgium | T19: =VLOOKUP(Q19,GDP!$A$1:$L$266,11,FALSE) -> 63311.277 | U19: 63311.277 | V19: =VLOOKUP(Q19,POP!$B$5:$M$269,11,FALSE) -> 7523789 | W19: 7523789 | X19: =VLOOKUP(Q19,YU!$B$1:$M$266,11,FALSE) -> 17.343 | Y19: 17.343 | AA19: =LN(T19) -> 11.055819 | AB19: =AA19-AVERAGE($AA$2:$AA$469) -> 0.53142204 | AC19: 0.53142204 | AD19: -0.078304683 | AE19: 2.027594 | AG19: =T19-U19 -> 0 | AH19: =V19-W19 -> 0 | AI19: =X19-Y19 -> 0 | AJ19: =LN(C19)-H19 -> 0.68001789
A20: 2016 | B20: Bulgaria | C20: =VLOOKUP(B20,Sheet5!$B$2:$C$2166,2,FALSE) -> 2515 | D20: 2515 | E20: 1830 | F20: 0.729 | G20: 5 | H20: 7.8300281 | I20: 1 | J20: 1 | K20: 0 | L20: -4 | M20: Real_EU | N20: Bulgaria | O20: 1 | P20: 0 | Q20: BGR | R20: =VLOOKUP(Q20,GDP!$A$2:$B$266,1,FALSE) -> BGR | S20: =VLOOKUP(Q20,GDP!$A$2:$B$266,2,FALSE) -> Bulgaria | T20: =VLOOKUP(Q20,GDP!$A$1:$C$266,3,FALSE) -> 25636.744 | U20: 25636.744 | V20: =VLOOKUP(Q20,POP!$B$5:$M$269,3,FALSE) -> 4508700 | W20: 4508700 | X20: =VLOOKUP(Q20,YU!$B$1:$D$266,3,FALSE) -> 17.224 | Y20: 17.224 | Z20: 3.8143599 | AA20: =LN(T20) -> 10.151782 | AB20: =AA20-AVERAGE($AA$2:$AA$469) -> -0.37261477 | AC20: -0.37261477 | AD20: -0.59036569 | AE20: 1.908594 | AG20: =T20-U20 -> 4.7293724e-11 | AH20: =V20-W20 -> 0 | AI20: =X20-Y20 -> 0 | AJ20: =LN(C20)-H20 -> 0
A21: 2017 | B21: Bulgaria | C21: =VLOOKUP(B21,Sheet5!$B$2:$C$2166,2,FALSE) -> 2515 | D21: 2265 | E21: 1625 | F21: 0.718 | G21: 5 | H21: 7.72533 | I21: 1 | J21: 1 | K21: 0 | L21: -3 | M21: Real_EU | N21: Bulgaria | O21: 1 | P21: 0 | Q21: BGR | R21: =VLOOKUP(Q21,GDP!$A$2:$B$266,1,FALSE) -> BGR | S21: =VLOOKUP(Q21,GDP!$A$2:$B$266,2,FALSE) -> Bulgaria | T21: =VLOOKUP(Q21,GDP!$A$1:$L$266,4,FALSE) -> 26691.758 | U21: 26691.758 | V21: =VLOOKUP(Q21,POP!$B$5:$M$269,4,FALSE) -> 4419454 | W21: 4419454 | X21: =VLOOKUP(Q21,YU!$B$1:$M$266,4,FALSE) -> 12.927 | Y21: 12.927 | Z21: 4.0775499 | AA21: =LN(T21) -> 10.19211 | AB21: =AA21-AVERAGE($AA$2:$AA$469) -> -0.33228659 | AC21: -0.33228659 | AD21: -0.61035839 | AE21: -2.388406 | AG21: =T21-U21 -> 0 | AH21: =V21-W21 -> 0 | AI21: =X21-Y21 -> 0 | AJ21: =LN(C21)-H21 -> 0.10469804
A22: 2018 | B22: Bulgaria | C22: =VLOOKUP(B22,Sheet5!$B$2:$C$2166,2,FALSE) -> 2515 | D22: 2265 | E22: 1650 | F22: 0.729 | G22: 5 | H22: 7.72533 | I22: 1 | J22: 1 | K22: 0 | L22: -2 | M22: Real_EU | N22: Bulgaria | O22: 1 | P22: 0 | Q22: BGR | R22: =VLOOKUP(Q22,GDP!$A$2:$B$266,1,FALSE) -> BGR | S22: =VLOOKUP(Q22,GDP!$A$2:$B$266,2,FALSE) -> Bulgaria | T22: =VLOOKUP(Q22,GDP!$A$1:$L$266,5,FALSE) -> 27690.894 | U22: 27690.894 | V22: =VLOOKUP(Q22,POP!$B$5:$M$269,5,FALSE) -> 4330344 | W22: 4330344 | X22: =VLOOKUP(Q22,YU!$B$1:$M$266,5,FALSE) -> 12.676 | Y22: 12.676 | Z22: 4.0520101 | AA22: =LN(T22) -> 10.228859 | AB22: =AA22-AVERAGE($AA$2:$AA$469) -> -0.29553781 | AC22: -0.29553781 | AD22: -0.63072757 | AE22: -2.639406 | AG22: =T22-U22 -> 0 | AH22: =V22-W22 -> 0 | AI22: =X22-Y22 -> 0 | AJ22: =LN(C22)-H22 -> 0.10469804
A23: 2019 | B23: Bulgaria | C23: =VLOOKUP(B23,Sheet5!$B$2:$C$2166,2,FALSE) -> 2515 | D23: 2120 | E23: 1495 | F23: 0.705 | G23: 5 | H23: 7.6591714 | I23: 1 | J23: 1 | K23: 0 | L23: -1 | M23: Real_EU | N23: Bulgaria | O23: 1 | P23: 0 | Q23: BGR | R23: =VLOOKUP(Q23,GDP!$A$2:$B$266,1,FALSE) -> BGR | S23: =VLOOKUP(Q23,GDP!$A$2:$B$266,2,FALSE) -> Bulgaria | T23: =VLOOKUP(Q23,GDP!$A$1:$L$266,6,FALSE) -> 29149.922 | U23: 29149.922 | V23: =VLOOKUP(Q23,POP!$B$5:$M$269,6,FALSE) -> 4243540 | W23: 4243540 | X23: =VLOOKUP(Q23,YU!$B$1:$M$266,6,FALSE) -> 8.777 | Y23: 8.777 | Z23: 4.2143002 | AA23: =LN(T23) -> 10.280207 | AB23: =AA23-AVERAGE($AA$2:$AA$469) -> -0.2441892 | AC23: -0.2441892 | AD23: -0.65097672 | AE23: -6.538406 | AG23: =T23-U23 -> 0 | AH23: =V23-W23 -> 0 | AI23: =X23-Y23 -> 0 | AJ23: =LN(C23)-H23 -> 0.17085671
A24: 2020 | B24: Bulgaria | C24: =VLOOKUP(B24,Sheet5!$B$2:$C$2166,2,FALSE) -> 2515 | D24: 1935 | E24: 1350 | F24: 0.6990000000000001 | G24: 5 | H24: 7.5678626 | I24: 1 | J24: 1 | K24: 0 | L24: 0 | M24: Real_EU | N24: Bulgaria | O24: 1 | P24: 0 | Q24: BGR | R24: =VLOOKUP(Q24,GDP!$A$2:$B$266,1,FALSE) -> BGR | S24: =VLOOKUP(Q24,GDP!$A$2:$B$266,2,FALSE) -> Bulgaria | T24: =VLOOKUP(Q24,GDP!$A$1:$L$266,7,FALSE) -> 28521.206 | U24: 28521.206 | V24: =VLOOKUP(Q24,POP!$B$5:$M$269,7,FALSE) -> 4184680 | W24: 4184680 | X24: =VLOOKUP(Q24,YU!$B$1:$M$266,7,FALSE) -> 14.143 | Y24: 14.143 | Z24: 4.4829898 | AA24: =LN(T24) -> 10.258403 | AB24: =AA24-AVERAGE($AA$2:$AA$469) -> -0.26599353 | AC24: -0.26599353 | AD24: -0.66494431 | AE24: -1.172406 | AG24: =T24-U24 -> 0 | AH24: =V24-W24 -> 0 | AI24: =X24-Y24 -> 0 | AJ24: =LN(C24)-H24 -> 0.26216548
A25: 2021 | B25: Bulgaria | C25: =VLOOKUP(B25,Sheet5!$B$2:$C$2166,2,FALSE) -> 2515 | D25: 525 | E25: 255 | F25: 0.484 | G25: 0 | H25: 6.2633983 | I25: 1 | J25: 1 | K25: 1 | L25: 1 | M25: Real_EU | N25: Bulgaria | O25: 1 | P25: 1 | Q25: BGR | R25: =VLOOKUP(Q25,GDP!$A$2:$B$266,1,FALSE) -> BGR | S25: =VLOOKUP(Q25,GDP!$A$2:$B$266,2,FALSE) -> Bulgaria | T25: =VLOOKUP(Q25,GDP!$A$1:$L$266,8,FALSE) -> 30958.983 | U25: 30958.983 | V25: =VLOOKUP(Q25,POP!$B$5:$M$269,8,FALSE) -> 4152537 | W25: 4152537 | X25: =VLOOKUP(Q25,YU!$B$1:$M$266,8,FALSE) -> 15.701 | Y25: 15.701 | Z25: 4.70924 | AA25: =LN(T25) -> 10.340418 | AB25: =AA25-AVERAGE($AA$2:$AA$469) -> -0.18397822 | AC25: -0.18397822 | AD25: -0.67265508 | AE25: 0.38559402 | AG25: =T25-U25 -> 0 | AH25: =V25-W25 -> 0 | AI25: =X25-Y25 -> 0 | AJ25: =LN(C25)-H25 -> 1.5666298
A26: 2022 | B26: Bulgaria | C26: =VLOOKUP(B26,Sheet5!$B$2:$C$2166,2,FALSE) -> 2515 | D26: 305 | E26: 150 | F26: 0.493 | G26: 0 | H26: 5.7203118 | I26: 1 | J26: 1 | K26: 1 | L26: 2 | M26: Real_EU | N26: Bulgaria | O26: 1 | P26: 1 | Q26: BGR | R26: =VLOOKUP(Q26,GDP!$A$2:$B$266,1,FALSE) -> BGR | S26: =VLOOKUP(Q26,GDP!$A$2:$B$266,2,FALSE) -> Bulgaria | T26: =VLOOKUP(Q26,GDP!$A$1:$L$266,9,FALSE) -> 32433.659 | U26: 32433.659 | V26: =VLOOKUP(Q26,POP!$B$5:$M$269,9,FALSE) -> 4122370 | W26: 4122370 | X26: =VLOOKUP(Q26,YU!$B$1:$M$266,9,FALSE) -> 10.582 | Y26: 10.582 | Z26: 4.50109 | AA26: =LN(T26) -> 10.386952 | AB26: =AA26-AVERAGE($AA$2:$AA$469) -> -0.13744469 | AC26: -0.13744469 | AD26: -0.67994631 | AE26: -4.733406 | AG26: =T26-U26 -> 4.7293724e-11 | AH26: =V26-W26 -> 0 | AI26: =X26-Y26 -> 0 | AJ26: =LN(C26)-H26 -> 2.1097163
A27: 2023 | B27: Bulgaria | C27: =VLOOKUP(B27,Sheet5!$B$2:$C$2166,2,FALSE) -> 2515 | D27: 335 | E27: 150 | F27: 0.456 | G27: 0 | H27: 5.8141305 | I27: 1 | J27: 1 | K27: 1 | L27: 3 | M27: Real_EU | N27: Bulgaria | O27: 1 | P27: 1 | Q27: BGR | R27: =VLOOKUP(Q27,GDP!$A$2:$B$266,1,FALSE) -> BGR | S27: =VLOOKUP(Q27,GDP!$A$2:$B$266,2,FALSE) -> Bulgaria | T27: =VLOOKUP(Q27,GDP!$A$1:$L$266,10,FALSE) -> 33073.68 | U27: 33073.68 | V27: =VLOOKUP(Q27,POP!$B$5:$M$269,10,FALSE) -> 4101928 | W27: 4101928 | X27: =VLOOKUP(Q27,YU!$B$1:$M$266,10,FALSE) -> 12.049 | Y27: 12.049 | AA27: =LN(T27) -> 10.406493 | AB27: =AA27-AVERAGE($AA$2:$AA$469) -> -0.11790361 | AC27: -0.11790361 | AD27: -0.68491744 | AE27: -3.266406 | AG27: =T27-U27 -> 0 | AH27: =V27-W27 -> 0 | AI27: =X27-Y27 -> 0 | AJ27: =LN(C27)-H27 -> 2.0158976
A28: 2024 | B28: Bulgaria | C28: =VLOOKUP(B28,Sheet5!$B$2:$C$2166,2,FALSE) -> 2515 | D28: 300 | E28: 150 | F28: 0.507 | G28: 0 | H28: 5.7037825 | I28: 1 | J28: 1 | K28: 1 | L28: 4 | M28: Real_EU | N28: Bulgaria | O28: 1 | P28: 1 | Q28: BGR | R28: =VLOOKUP(Q28,GDP!$A$2:$B$266,1,FALSE) -> BGR | S28: =VLOOKUP(Q28,GDP!$A$2:$B$266,2,FALSE) -> Bulgaria | T28: =VLOOKUP(Q28,GDP!$A$1:$L$266,11,FALSE) -> 34221.387 | U28: 34221.387 | V28: =VLOOKUP(Q28,POP!$B$5:$M$269,11,FALSE) -> 4089993 | W28: 4089993 | X28: =VLOOKUP(Q28,YU!$B$1:$M$266,11,FALSE) -> 12.493 | Y28: 12.493 | AA28: =LN(T28) -> 10.440606 | AB28: =AA28-AVERAGE($AA$2:$AA$469) -> -0.083790633 | AC28: -0.083790633 | AD28: -0.68783129 | AE28: -2.822406 | AG28: =T28-U28 -> 0 | AH28: =V28-W28 -> 0 | AI28: =X28-Y28 -> 0 | AJ28: =LN(C28)-H28 -> 2.1262456
A29: 2016 | B29: Denmark | C29: =VLOOKUP(B29,Sheet5!$B$2:$C$2166,2,FALSE) -> 520 | D29: 520 | E29: 285 | F29: 0.547 | G29: 0 | H29: 6.2538288 | I29: 1 | J29: 1 | K29: 0 | L29: -4 | M29: Real_EU | N29: Denmark | O29: 1 | P29: 0 | Q29: DNK | R29: =VLOOKUP(Q29,GDP!$A$2:$B$266,1,FALSE) -> DNK | S29: =VLOOKUP(Q29,GDP!$A$2:$B$266,2,FALSE) -> Denmark | T29: =VLOOKUP(Q29,GDP!$A$1:$C$266,3,FALSE) -> 63468.989 | U29: 63468.989 | V29: =VLOOKUP(Q29,POP!$B$5:$M$269,3,FALSE) -> 3682112 | W29: 3682112 | X29: =VLOOKUP(Q29,YU!$B$1:$D$266,3,FALSE) -> 12.147 | Y29: 12.147 | Z29: 7.7153401 | AA29: =LN(T29) -> 11.058307 | AB29: =AA29-AVERAGE($AA$2:$AA$469) -> 0.53391 | AC29: 0.53391 | AD29: -0.79288805 | AE29: -3.168406 | AG29: =T29-U29 -> 0 | AH29: =V29-W29 -> 0 | AI29: =X29-Y29 -> 0 | AJ29: =LN(C29)-H29 -> 0
A30: 2017 | B30: Denmark | C30: =VLOOKUP(B30,Sheet5!$B$2:$C$2166,2,FALSE) -> 520 | D30: 545 | E30: 275 | F30: 0.506 | G30: 0 | H30: 6.3007858 | I30: 1 | J30: 1 | K30: 0 | L30: -3 | M30: Real_EU | N30: Denmark | O30: 1 | P30: 0 | Q30: DNK | R30: =VLOOKUP(Q30,GDP!$A$2:$B$266,1,FALSE) -> DNK | S30: =VLOOKUP(Q30,GDP!$A$2:$B$266,2,FALSE) -> Denmark | T30: =VLOOKUP(Q30,GDP!$A$1:$L$266,4,FALSE) -> 64989.446 | U30: 64989.446 | V30: =VLOOKUP(Q30,POP!$B$5:$M$269,4,FALSE) -> 3698112 | W30: 3698112 | X30: =VLOOKUP(Q30,YU!$B$1:$M$266,4,FALSE) -> 12.384 | Y30: 12.384 | Z30: 7.3700099 | AA30: =LN(T30) -> 11.08198 | AB30: =AA30-AVERAGE($AA$2:$AA$469) -> 0.55758346 | AC30: 0.55758346 | AD30: -0.78855213 | AE30: -2.931406 | AG30: =T30-U30 -> 0 | AH30: =V30-W30 -> 0 | AI30: =X30-Y30 -> 0 | AJ30: =LN(C30)-H30 -> -0.046956983
A31: 2018 | B31: Denmark | C31: =VLOOKUP(B31,Sheet5!$B$2:$C$2166,2,FALSE) -> 520 | D31: 550 | E31: 285 | F31: 0.516 | G31: 0 | H31: 6.3099183 | I31: 1 | J31: 1 | K31: 0 | L31: -2 | M31: Real_EU | N31: Denmark | O31: 1 | P31: 0 | Q31: DNK | R31: =VLOOKUP(Q31,GDP!$A$2:$B$266,1,FALSE) -> DNK | S31: =VLOOKUP(Q31,GDP!$A$2:$B$266,2,FALSE) -> Denmark | T31: =VLOOKUP(Q31,GDP!$A$1:$L$266,5,FALSE) -> 65870.83 | U31: 65870.83 | V31: =VLOOKUP(Q31,POP!$B$5:$M$269,5,FALSE) -> 3708367 | W31: 3708367 | X31: =VLOOKUP(Q31,YU!$B$1:$M$266,5,FALSE) -> 10.52 | Y31: 10.52 | Z31: 7.3274798 | AA31: =LN(T31) -> 11.095451 | AB31: =AA31-AVERAGE($AA$2:$AA$469) -> 0.57105428 | AC31: 0.57105428 | AD31: -0.78578293 | AE31: -4.795406 | AG31: =T31-U31 -> 0 | AH31: =V31-W31 -> 0 | AI31: =X31-Y31 -> 0 | AJ31: =LN(C31)-H31 -> -0.056089467
A32: 2019 | B32: Denmark | C32: =VLOOKUP(B32,Sheet5!$B$2:$C$2166,2,FALSE) -> 520 | D32: 530 | E32: 285 | F32: 0.537 | G32: 0 | H32: 6.272877 | I32: 1 | J32: 1 | K32: 0 | L32: -1 | M32: Real_EU | N32: Denmark | O32: 1 | P32: 0 | Q32: DNK | R32: =VLOOKUP(Q32,GDP!$A$2:$B$266,1,FALSE) -> DNK | S32: =VLOOKUP(Q32,GDP!$A$2:$B$266,2,FALSE) -> Denmark | T32: =VLOOKUP(Q32,GDP!$A$1:$L$266,6,FALSE) -> 66758.632 | U32: 66758.632 | V32: =VLOOKUP(Q32,POP!$B$5:$M$269,6,FALSE) -> 3712914 | W32: 3712914 | X32: =VLOOKUP(Q32,YU!$B$1:$M$266,6,FALSE) -> 10.041 | Y32: 10.041 | Z32: 7.2758598 | AA32: =LN(T32) -> 11.108839 | AB32: =AA32-AVERAGE($AA$2:$AA$469) -> 0.58444219 | AC32: 0.58444219 | AD32: -0.78455754 | AE32: -5.274406 | AG32: =T32-U32 -> 0 | AH32: =V32-W32 -> 0 | AI32: =X32-Y32 -> 0 | AJ32: =LN(C32)-H32 -> -0.019048195
A33: 2020 | B33: Denmark | C33: =VLOOKUP(B33,Sheet5!$B$2:$C$2166,2,FALSE) -> 520 | D33: 470 | E33: 250 | F33: 0.53 | G33: 0 | H33: 6.1527327 | I33: 1 | J33: 1 | K33: 0 | L33: 0 | M33: Real_EU | N33: Denmark | O33: 1 | P33: 0 | Q33: DNK | R33: =VLOOKUP(Q33,GDP!$A$2:$B$266,1,FALSE) -> DNK | S33: =VLOOKUP(Q33,GDP!$A$2:$B$266,2,FALSE) -> Denmark | T33: =VLOOKUP(Q33,GDP!$A$1:$L$266,7,FALSE) -> 65379.307 | U33: 65379.307 | V33: =VLOOKUP(Q33,POP!$B$5:$M$269,7,FALSE) -> 3714181 | W33: 3714181 | X33: =VLOOKUP(Q33,YU!$B$1:$M$266,7,FALSE) -> 11.634 | Y33: 11.634 | Z33: 7.3857498 | AA33: =LN(T33) -> 11.087961 | AB33: =AA33-AVERAGE($AA$2:$AA$469) -> 0.56356437 | AC33: 0.56356437 | AD33: -0.78421635 | AE33: -3.681406 | AG33: =T33-U33 -> 0 | AH33: =V33-W33 -> 0 | AI33: =X33-Y33 -> 0 | AJ33: =LN(C33)-H33 -> 0.10109612
A34: 2021 | B34: Denmark | C34: =VLOOKUP(B34,Sheet5!$B$2:$C$2166,2,FALSE) -> 520 | D34: 235 | E34: 95 | F34: 0.405 | G34: 0 | H34: 5.4595855 | I34: 1 | J34: 1 | K34: 1 | L34: 1 | M34: Real_EU | N34: Denmark | O34: 1 | P34: 1 | Q34: DNK | R34: =VLOOKUP(Q34,GDP!$A$2:$B$266,1,FALSE) -> DNK | S34: =VLOOKUP(Q34,GDP!$A$2:$B$266,2,FALSE) -> Denmark | T34: =VLOOKUP(Q34,GDP!$A$1:$L$266,8,FALSE) -> 69327.998 | U34: 69327.998 | V34: =VLOOKUP(Q34,POP!$B$5:$M$269,8,FALSE) -> 3723590 | W34: 3723590 | X34: =VLOOKUP(Q34,YU!$B$1:$M$266,8,FALSE) -> 10.8 | Y34: 10.8 | Z34: 6.9591599 | AA34: =LN(T34) -> 11.146604 | AB34: =AA34-AVERAGE($AA$2:$AA$469) -> 0.62220742 | AC34: 0.62220742 | AD34: -0.78168629 | AE34: -4.515406 | AG34: =T34-U34 -> 0 | AH34: =V34-W34 -> 0 | AI34: =X34-Y34 -> 0 | AJ34: =LN(C34)-H34 -> 0.7942433
A35: 2022 | B35: Denmark | C35: =VLOOKUP(B35,Sheet5!$B$2:$C$2166,2,FALSE) -> 520 | D35: 215 | E35: 85 | F35: 0.402 | G35: 0 | H35: 5.370638 | I35: 1 | J35: 1 | K35: 1 | L35: 2 | M35: Real_EU | N35: Denmark | O35: 1 | P35: 1 | Q35: DNK | R35: =VLOOKUP(Q35,GDP!$A$2:$B$266,1,FALSE) -> DNK | S35: =VLOOKUP(Q35,GDP!$A$2:$B$266,2,FALSE) -> Denmark | T35: =VLOOKUP(Q35,GDP!$A$1:$L$266,9,FALSE) -> 69089.469 | U35: 69089.469 | V35: =VLOOKUP(Q35,POP!$B$5:$M$269,9,FALSE) -> 3752146 | W35: 3752146 | X35: =VLOOKUP(Q35,YU!$B$1:$M$266,9,FALSE) -> 10.533 | Y35: 10.533 | Z35: 6.3558602 | AA35: =LN(T35) -> 11.143158 | AB35: =AA35-AVERAGE($AA$2:$AA$469) -> 0.6187609 | AC35: 0.6187609 | AD35: -0.77404661 | AE35: -4.782406 | AG35: =T35-U35 -> 0 | AH35: =V35-W35 -> 0 | AI35: =X35-Y35 -> 0 | AJ35: =LN(C35)-H35 -> 0.88319078
A36: 2023 | B36: Denmark | C36: =VLOOKUP(B36,Sheet5!$B$2:$C$2166,2,FALSE) -> 520 | D36: 170 | E36: 60 | F36: 0.361 | G36: 0 | H36: 5.1357984 | I36: 1 | J36: 1 | K36: 1 | L36: 3 | M36: Real_EU | N36: Denmark | O36: 1 | P36: 1 | Q36: DNK | R36: =VLOOKUP(Q36,GDP!$A$2:$B$266,1,FALSE) -> DNK | S36: =VLOOKUP(Q36,GDP!$A$2:$B$266,2,FALSE) -> Denmark | T36: =VLOOKUP(Q36,GDP!$A$1:$L$266,10,FALSE) -> 68993.903 | U36: 68993.903 | V36: =VLOOKUP(Q36,POP!$B$5:$M$269,10,FALSE) -> 3778269 | W36: 3778269 | X36: =VLOOKUP(Q36,YU!$B$1:$M$266,10,FALSE) -> 11.499 | Y36: 11.499 | AA36: =LN(T36) -> 11.141773 | AB36: =AA36-AVERAGE($AA$2:$AA$469) -> 0.61737672 | AC36: 0.61737672 | AD36: -0.76710858 | AE36: -3.816406 | AG36: =T36-U36 -> 0 | AH36: =V36-W36 -> 0 | AI36: =X36-Y36 -> 0 | AJ36: =LN(C36)-H36 -> 1.1180304
A37: 2024 | B37: Denmark | C37: =VLOOKUP(B37,Sheet5!$B$2:$C$2166,2,FALSE) -> 520 | D37: 155 | E37: 65 | F37: 0.40900000000000003 | G37: 0 | H37: 5.0434251 | I37: 1 | J37: 1 | K37: 1 | L37: 4 | M37: Real_EU | N37: Denmark | O37: 1 | P37: 1 | Q37: DNK | R37: =VLOOKUP(Q37,GDP!$A$2:$B$266,1,FALSE) -> DNK | S37: =VLOOKUP(Q37,GDP!$A$2:$B$266,2,FALSE) -> Denmark | T37: =VLOOKUP(Q37,GDP!$A$1:$L$266,11,FALSE) -> 71034.579 | U37: 71034.579 | V37: =VLOOKUP(Q37,POP!$B$5:$M$269,11,FALSE) -> 3791657 | W37: 3791657 | X37: =VLOOKUP(Q37,YU!$B$1:$M$266,11,FALSE) -> 11.786 | Y37: 11.786 | AA37: =LN(T37) -> 11.170922 | AB37: =AA37-AVERAGE($AA$2:$AA$469) -> 0.64652536 | AC37: 0.64652536 | AD37: -0.76357142 | AE37: -3.529406 | AG37: =T37-U37 -> 0 | AH37: =V37-W37 -> 0 | AI37: =X37-Y37 -> 0 | AJ37: =LN(C37)-H37 -> 1.2104037
A38: 2016 | B38: Finland | C38: =VLOOKUP(B38,Sheet5!$B$2:$C$2166,2,FALSE) -> 1010 | D38: 1010 | E38: 555 | F38: 0.552 | G38: 5 | H38: 6.9177056 | I38: 1 | J38: 1 | K38: 0 | L38: -4 | M38: Real_EU | N38: Finland | O38: 1 | P38: 0 | Q38: FIN | R38: =VLOOKUP(Q38,GDP!$A$2:$B$266,1,FALSE) -> FIN | S38: =VLOOKUP(Q38,GDP!$A$2:$B$266,2,FALSE) -> Finland | T38: =VLOOKUP(Q38,GDP!$A$1:$C$266,3,FALSE) -> 53984.632 | U38: 53984.632 | V38: =VLOOKUP(Q38,POP!$B$5:$M$269,3,FALSE) -> 3463591 | W38: 3463591 | X38: =VLOOKUP(Q38,YU!$B$1:$D$266,3,FALSE) -> 20.057 | Y38: 20.057 | Z38: 6.90873 | AA38: =LN(T38) -> 10.896455 | AB38: =AA38-AVERAGE($AA$2:$AA$469) -> 0.37205798 | AC38: 0.37205798 | AD38: -0.85406864 | AE38: 4.741594 | AG38: =T38-U38 -> 0 | AH38: =V38-W38 -> 0 | AI38: =X38-Y38 -> 0 | AJ38: =LN(C38)-H38 -> 0
A39: 2017 | B39: Finland | C39: =VLOOKUP(B39,Sheet5!$B$2:$C$2166,2,FALSE) -> 1010 | D39: 875 | E39: 470 | F39: 0.536 | G39: 5 | H39: 6.7742239 | I39: 1 | J39: 1 | K39: 0 | L39: -3 | M39: Real_EU | N39: Finland | O39: 1 | P39: 0 | Q39: FIN | R39: =VLOOKUP(Q39,GDP!$A$2:$B$266,1,FALSE) -> FIN | S39: =VLOOKUP(Q39,GDP!$A$2:$B$266,2,FALSE) -> Finland | T39: =VLOOKUP(Q39,GDP!$A$1:$L$266,4,FALSE) -> 55637.226 | U39: 55637.226 | V39: =VLOOKUP(Q39,POP!$B$5:$M$269,4,FALSE) -> 3451187 | W39: 3451187 | X39: =VLOOKUP(Q39,YU!$B$1:$M$266,4,FALSE) -> 20.041 | Y39: 20.041 | Z39: 6.4082699 | AA39: =LN(T39) -> 10.926608 | AB39: =AA39-AVERAGE($AA$2:$AA$469) -> 0.40221109 | AC39: 0.40221109 | AD39: -0.85765632 | AE39: 4.725594 | AG39: =T39-U39 -> 0 | AH39: =V39-W39 -> 0 | AI39: =X39-Y39 -> 0 | AJ39: =LN(C39)-H39 -> 0.14348172
A40: 2018 | B40: Finland | C40: =VLOOKUP(B40,Sheet5!$B$2:$C$2166,2,FALSE) -> 1010 | D40: 920 | E40: 520 | F40: 0.5650000000000001 | G40: 5 | H40: 6.8243737 | I40: 1 | J40: 1 | K40: 0 | L40: -2 | M40: Real_EU | N40: Finland | O40: 1 | P40: 0 | Q40: FIN | R40: =VLOOKUP(Q40,GDP!$A$2:$B$266,1,FALSE) -> FIN | S40: =VLOOKUP(Q40,GDP!$A$2:$B$266,2,FALSE) -> Finland | T40: =VLOOKUP(Q40,GDP!$A$1:$L$266,5,FALSE) -> 56226.337 | U40: 56226.337 | V40: =VLOOKUP(Q40,POP!$B$5:$M$269,5,FALSE) -> 3437018 | W40: 3437018 | X40: =VLOOKUP(Q40,YU!$B$1:$M$266,5,FALSE) -> 16.958 | Y40: 16.958 | Z40: 6.3177199 | AA40: =LN(T40) -> 10.937141 | AB40: =AA40-AVERAGE($AA$2:$AA$469) -> 0.41274386 | AC40: 0.41274386 | AD40: -0.86177032 | AE40: 1.642594 | AG40: =T40-U40 -> 0 | AH40: =V40-W40 -> 0 | AI40: =X40-Y40 -> 0 | AJ40: =LN(C40)-H40 -> 0.09333194
A41: 2019 | B41: Finland | C41: =VLOOKUP(B41,Sheet5!$B$2:$C$2166,2,FALSE) -> 1010 | D41: 805 | E41: 395 | F41: 0.494 | G41: 5 | H41: 6.6908423 | I41: 1 | J41: 1 | K41: 0 | L41: -1 | M41: Real_EU | N41: Finland | O41: 1 | P41: 0 | Q41: FIN | R41: =VLOOKUP(Q41,GDP!$A$2:$B$266,1,FALSE) -> FIN | S41: =VLOOKUP(Q41,GDP!$A$2:$B$266,2,FALSE) -> Finland | T41: =VLOOKUP(Q41,GDP!$A$1:$L$266,6,FALSE) -> 56922.487 | U41: 56922.487 | V41: =VLOOKUP(Q41,POP!$B$5:$M$269,6,FALSE) -> 3426847 | W41: 3426847 | X41: =VLOOKUP(Q41,YU!$B$1:$M$266,6,FALSE) -> 17.128 | Y41: 17.128 | Z41: 6.4530001 | AA41: =LN(T41) -> 10.949446 | AB41: =AA41-AVERAGE($AA$2:$AA$469) -> 0.42504905 | AC41: 0.42504905 | AD41: -0.86473395 | AE41: 1.812594 | AG41: =T41-U41 -> 0 | AH41: =V41-W41 -> 0 | AI41: =X41-Y41 -> 0 | AJ41: =LN(C41)-H41 -> 0.22686333
A42: 2020 | B42: Finland | C42: =VLOOKUP(B42,Sheet5!$B$2:$C$2166,2,FALSE) -> 1010 | D42: 730 | E42: 375 | F42: 0.514 | G42: 0 | H42: 6.5930445 | I42: 1 | J42: 1 | K42: 0 | L42: 0 | M42: Real_EU | N42: Finland | O42: 1 | P42: 0 | Q42: FIN | R42: =VLOOKUP(Q42,GDP!$A$2:$B$266,1,FALSE) -> FIN | S42: =VLOOKUP(Q42,GDP!$A$2:$B$266,2,FALSE) -> Finland | T42: =VLOOKUP(Q42,GDP!$A$1:$L$266,7,FALSE) -> 55424.857 | U42: 55424.857 | V42: =VLOOKUP(Q42,POP!$B$5:$M$269,7,FALSE) -> 3419966 | W42: 3419966 | X42: =VLOOKUP(Q42,YU!$B$1:$M$266,7,FALSE) -> 21.193 | Y42: 21.193 | Z42: 6.6812801 | AA42: =LN(T42) -> 10.922783 | AB42: =AA42-AVERAGE($AA$2:$AA$469) -> 0.39838676 | AC42: 0.39838676 | AD42: -0.86674394 | AE42: 5.877594 | AG42: =T42-U42 -> 0 | AH42: =V42-W42 -> 0 | AI42: =X42-Y42 -> 0 | AJ42: =LN(C42)-H42 -> 0.32466108
A43: 2021 | B43: Finland | C43: =VLOOKUP(B43,Sheet5!$B$2:$C$2166,2,FALSE) -> 1010 | D43: 250 | E43: 90 | F43: 0.371 | G43: 0 | H43: 5.5214609 | I43: 1 | J43: 1 | K43: 1 | L43: 1 | M43: Real_EU | N43: Finland | O43: 1 | P43: 1 | Q43: FIN | R43: =VLOOKUP(Q43,GDP!$A$2:$B$266,1,FALSE) -> FIN | S43: =VLOOKUP(Q43,GDP!$A$2:$B$266,2,FALSE) -> Finland | T43: =VLOOKUP(Q43,GDP!$A$1:$L$266,8,FALSE) -> 56790.377 | U43: 56790.377 | V43: =VLOOKUP(Q43,POP!$B$5:$M$269,8,FALSE) -> 3417184 | W43: 3417184 | X43: =VLOOKUP(Q43,YU!$B$1:$M$266,8,FALSE) -> 17.058 | Y43: 17.058 | Z43: 6.5882001 | AA43: =LN(T43) -> 10.947122 | AB43: =AA43-AVERAGE($AA$2:$AA$469) -> 0.42272546 | AC43: 0.42272546 | AD43: -0.86755773 | AE43: 1.742594 | AG43: =T43-U43 -> 0 | AH43: =V43-W43 -> 0 | AI43: =X43-Y43 -> 0 | AJ43: =LN(C43)-H43 -> 1.3962447
A44: 2022 | B44: Finland | C44: =VLOOKUP(B44,Sheet5!$B$2:$C$2166,2,FALSE) -> 1010 | D44: 185 | E44: 80 | F44: 0.426 | G44: 0 | H44: 5.2203558 | I44: 1 | J44: 1 | K44: 1 | L44: 2 | M44: Real_EU | N44: Finland | O44: 1 | P44: 1 | Q44: FIN | R44: =VLOOKUP(Q44,GDP!$A$2:$B$266,1,FALSE) -> FIN | S44: =VLOOKUP(Q44,GDP!$A$2:$B$266,2,FALSE) -> Finland | T44: =VLOOKUP(Q44,GDP!$A$1:$L$266,9,FALSE) -> 57068.306 | U44: 57068.306 | V44: =VLOOKUP(Q44,POP!$B$5:$M$269,9,FALSE) -> 3419799 | W44: 3419799 | X44: =VLOOKUP(Q44,YU!$B$1:$M$266,9,FALSE) -> 14.138 | Y44: 14.138 | Z44: 6.3757801 | AA44: =LN(T44) -> 10.952004 | AB44: =AA44-AVERAGE($AA$2:$AA$469) -> 0.42760747 | AC44: 0.42760747 | AD44: -0.86679277 | AE44: -1.177406 | AG44: =T44-U44 -> 0 | AH44: =V44-W44 -> 0 | AI44: =X44-Y44 -> 0 | AJ44: =LN(C44)-H44 -> 1.6973498
A45: 2023 | B45: Finland | C45: =VLOOKUP(B45,Sheet5!$B$2:$C$2166,2,FALSE) -> 1010 | D45: 135 | E45: 55 | F45: 0.398 | G45: 0 | H45: 4.9052748 | I45: 1 | J45: 1 | K45: 1 | L45: 3 | M45: Real_EU | N45: Finland | O45: 1 | P45: 1 | Q45: FIN | R45: =VLOOKUP(Q45,GDP!$A$2:$B$266,1,FALSE) -> FIN | S45: =VLOOKUP(Q45,GDP!$A$2:$B$266,2,FALSE) -> Finland | T45: =VLOOKUP(Q45,GDP!$A$1:$L$266,10,FALSE) -> 56051.77 | U45: 56051.77 | V45: =VLOOKUP(Q45,POP!$B$5:$M$269,10,FALSE) -> 3433386 | W45: 3433386 | X45: =VLOOKUP(Q45,YU!$B$1:$M$266,10,FALSE) -> 16.106 | Y45: 16.106 | AA45: =LN(T45) -> 10.934031 | AB45: =AA45-AVERAGE($AA$2:$AA$469) -> 0.40963431 | AC45: 0.40963431 | AD45: -0.8628276 | AE45: 0.79059402 | AG45: =T45-U45 -> 0 | AH45: =V45-W45 -> 0 | AI45: =X45-Y45 -> 0 | AJ45: =LN(C45)-H45 -> 2.0124308
A46: 2024 | B46: Finland | C46: =VLOOKUP(B46,Sheet5!$B$2:$C$2166,2,FALSE) -> 1010 | D46: 120 | E46: 50 | F46: 0.41200000000000003 | G46: 0 | H46: 4.7874917 | I46: 1 | J46: 1 | K46: 1 | L46: 4 | M46: Real_EU | N46: Finland | O46: 1 | P46: 1 | Q46: FIN | R46: =VLOOKUP(Q46,GDP!$A$2:$B$266,1,FALSE) -> FIN | S46: =VLOOKUP(Q46,GDP!$A$2:$B$266,2,FALSE) -> Finland | T46: =VLOOKUP(Q46,GDP!$A$1:$L$266,11,FALSE) -> 55901.32 | U46: 55901.32 | V46: =VLOOKUP(Q46,POP!$B$5:$M$269,11,FALSE) -> 3454536 | W46: 3454536 | X46: =VLOOKUP(Q46,YU!$B$1:$M$266,11,FALSE) -> 18.68 | Y46: 18.68 | AA46: =LN(T46) -> 10.931343 | AB46: =AA46-AVERAGE($AA$2:$AA$469) -> 0.40694657 | AC46: 0.40694657 | AD46: -0.8566864 | AE46: 3.364594 | AG46: =T46-U46 -> 0 | AH46: =V46-W46 -> 0 | AI46: =X46-Y46 -> 0 | AJ46: =LN(C46)-H46 -> 2.1302139
A47: 2016 | B47: France | C47: =VLOOKUP(B47,Sheet5!$B$2:$C$2166,2,FALSE) -> 5445 | D47: 5445 | E47: 3135 | F47: 0.5760000000000001 | G47: 10 | H47: 8.602453 | I47: 1 | J47: 1 | K47: 0 | L47: -4 | M47: Real_EU | N47: France | O47: 1 | P47: 0 | Q47: FRA | R47: =VLOOKUP(Q47,GDP!$A$2:$B$266,1,FALSE) -> FRA | S47: =VLOOKUP(Q47,GDP!$A$2:$B$266,2,FALSE) -> France | T47: =VLOOKUP(Q47,GDP!$A$1:$C$266,3,FALSE) -> 50984.075 | U47: 50984.075 | V47: =VLOOKUP(Q47,POP!$B$5:$M$269,3,FALSE) -> 41790756 | W47: 41790756 | X47: =VLOOKUP(Q47,YU!$B$1:$D$266,3,FALSE) -> 24.938 | Y47: 24.938 | AA47: =LN(T47) -> 10.839269 | AB47: =AA47-AVERAGE($AA$2:$AA$469) -> 0.31487191 | AC47: 0.31487191 | AD47: 1.6363006 | AE47: 9.622594 | AG47: =T47-U47 -> 0 | AH47: =V47-W47 -> 0 | AI47: =X47-Y47 -> 0 | AJ47: =LN(C47)-H47 -> 0
A48: 2017 | B48: France | C48: =VLOOKUP(B48,Sheet5!$B$2:$C$2166,2,FALSE) -> 5445 | D48: 5395 | E48: 3145 | F48: 0.583 | G48: 10 | H48: 8.5932279 | I48: 1 | J48: 1 | K48: 0 | L48: -3 | M48: Real_EU | N48: France | O48: 1 | P48: 0 | Q48: FRA | R48: =VLOOKUP(Q48,GDP!$A$2:$B$266,1,FALSE) -> FRA | S48: =VLOOKUP(Q48,GDP!$A$2:$B$266,2,FALSE) -> France | T48: =VLOOKUP(Q48,GDP!$A$1:$L$266,4,FALSE) -> 51895.566 | U48: 51895.566 | V48: =VLOOKUP(Q48,POP!$B$5:$M$269,4,FALSE) -> 41755557 | W48: 41755557 | X48: =VLOOKUP(Q48,YU!$B$1:$M$266,4,FALSE) -> 22.572 | Y48: 22.572 | Z48: 5.4648299 | AA48: =LN(T48) -> 10.856989 | AB48: =AA48-AVERAGE($AA$2:$AA$469) -> 0.33259194 | AC48: 0.33259194 | AD48: 1.635458 | AE48: 7.256594 | AG48: =T48-U48 -> 0 | AH48: =V48-W48 -> 0 | AI48: =X48-Y48 -> 0 | AJ48: =LN(C48)-H48 -> 0.0092251577
A49: 2018 | B49: France | C49: =VLOOKUP(B49,Sheet5!$B$2:$C$2166,2,FALSE) -> 5445 | D49: 5365 | E49: 2975 | F49: 0.554 | G49: 20 | H49: 8.5876517 | I49: 1 | J49: 1 | K49: 0 | L49: -2 | M49: Real_EU | N49: France | O49: 1 | P49: 0 | Q49: FRA | R49: =VLOOKUP(Q49,GDP!$A$2:$B$266,1,FALSE) -> FRA | S49: =VLOOKUP(Q49,GDP!$A$2:$B$266,2,FALSE) -> France | T49: =VLOOKUP(Q49,GDP!$A$1:$L$266,5,FALSE) -> 52560.954 | U49: 52560.954 | V49: =VLOOKUP(Q49,POP!$B$5:$M$269,5,FALSE) -> 41758655 | W49: 41758655 | X49: =VLOOKUP(Q49,YU!$B$1:$M$266,5,FALSE) -> 20.953 | Y49: 20.953 | Z49: 5.4254098 | AA49: =LN(T49) -> 10.869729 | AB49: =AA49-AVERAGE($AA$2:$AA$469) -> 0.34533209 | AC49: 0.34533209 | AD49: 1.6355322 | AE49: 5.637594 | AG49: =T49-U49 -> 0 | AH49: =V49-W49 -> 0 | AI49: =X49-Y49 -> 0 | AJ49: =LN(C49)-H49 -> 0.01480138
A50: 2019 | B50: France | C50: =VLOOKUP(B50,Sheet5!$B$2:$C$2166,2,FALSE) -> 5445 | D50: 5550 | E50: 3000 | F50: 0.54 | G50: 25 | H50: 8.6215532 | I50: 1 | J50: 1 | K50: 0 | L50: -1 | M50: Real_EU | N50: France | O50: 1 | P50: 0 | Q50: FRA | R50: =VLOOKUP(Q50,GDP!$A$2:$B$266,1,FALSE) -> FRA | S50: =VLOOKUP(Q50,GDP!$A$2:$B$266,2,FALSE) -> France | T50: =VLOOKUP(Q50,GDP!$A$1:$L$266,6,FALSE) -> 53448.555 | U50: 53448.555 | V50: =VLOOKUP(Q50,POP!$B$5:$M$269,6,FALSE) -> 41764187 | W50: 41764187 | X50: =VLOOKUP(Q50,YU!$B$1:$M$266,6,FALSE) -> 19.929 | Y50: 19.929 | Z50: 5.3663802 | AA50: =LN(T50) -> 10.886475 | AB50: =AA50-AVERAGE($AA$2:$AA$469) -> 0.36207818 | AC50: 0.36207818 | AD50: 1.6356647 | AE50: 4.613594 | AG50: =T50-U50 -> 0 | AH50: =V50-W50 -> 0 | AI50: =X50-Y50 -> 0 | AJ50: =LN(C50)-H50 -> -0.019100171
A51: 2020 | B51: France | C51: =VLOOKUP(B51,Sheet5!$B$2:$C$2166,2,FALSE) -> 5445 | D51: 5320 | E51: 2930 | F51: 0.551 | G51: 10 | H51: 8.5792286 | I51: 1 | J51: 1 | K51: 0 | L51: 0 | M51: Real_EU | N51: France | O51: 1 | P51: 0 | Q51: FRA | R51: =VLOOKUP(Q51,GDP!$A$2:$B$266,1,FALSE) -> FRA | S51: =VLOOKUP(Q51,GDP!$A$2:$B$266,2,FALSE) -> France | T51: =VLOOKUP(Q51,GDP!$A$1:$L$266,7,FALSE) -> 49311.333 | U51: 49311.333 | V51: =VLOOKUP(Q51,POP!$B$5:$M$269,7,FALSE) -> 41786545 | W51: 41786545 | X51: =VLOOKUP(Q51,YU!$B$1:$M$266,7,FALSE) -> 20.398 | Y51: 20.398 | Z51: 5.65871 | AA51: =LN(T51) -> 10.805909 | AB51: =AA51-AVERAGE($AA$2:$AA$469) -> 0.28151252 | AC51: 0.28151252 | AD51: 1.6361998 | AE51: 5.082594 | AG51: =T51-U51 -> 0 | AH51: =V51-W51 -> 0 | AI51: =X51-Y51 -> 0 | AJ51: =LN(C51)-H51 -> 0.023224453
A52: 2021 | B52: France | C52: =VLOOKUP(B52,Sheet5!$B$2:$C$2166,2,FALSE) -> 5445 | D52: 3685 | E52: 1515 | F52: 0.41100000000000003 | G52: 5 | H52: 8.2120258 | I52: 1 | J52: 1 | K52: 1 | L52: 1 | M52: Real_EU | N52: France | O52: 1 | P52: 1 | Q52: FRA | R52: =VLOOKUP(Q52,GDP!$A$2:$B$266,1,FALSE) -> FRA | S52: =VLOOKUP(Q52,GDP!$A$2:$B$266,2,FALSE) -> France | T52: =VLOOKUP(Q52,GDP!$A$1:$L$266,8,FALSE) -> 52517.335 | U52: 52517.335 | V52: =VLOOKUP(Q52,POP!$B$5:$M$269,8,FALSE) -> 41861755 | W52: 41861755 | X52: =VLOOKUP(Q52,YU!$B$1:$M$266,8,FALSE) -> 19.252 | Y52: 19.252 | Z52: 5.4174399 | AA52: =LN(T52) -> 10.868899 | AB52: =AA52-AVERAGE($AA$2:$AA$469) -> 0.34450189 | AC52: 0.34450189 | AD52: 1.6379981 | AE52: 3.936594 | AG52: =T52-U52 -> 0 | AH52: =V52-W52 -> 0 | AI52: =X52-Y52 -> 0 | AJ52: =LN(C52)-H52 -> 0.39042723
A53: 2022 | B53: France | C53: =VLOOKUP(B53,Sheet5!$B$2:$C$2166,2,FALSE) -> 5445 | D53: 3070 | E53: 1360 | F53: 0.444 | G53: 15 | H53: 8.0294328 | I53: 1 | J53: 1 | K53: 1 | L53: 2 | M53: Real_EU | N53: France | O53: 1 | P53: 1 | Q53: FRA | R53: =VLOOKUP(Q53,GDP!$A$2:$B$266,1,FALSE) -> FRA | S53: =VLOOKUP(Q53,GDP!$A$2:$B$266,2,FALSE) -> France | T53: =VLOOKUP(Q53,GDP!$A$1:$L$266,9,FALSE) -> 53673.814 | U53: 53673.814 | V53: =VLOOKUP(Q53,POP!$B$5:$M$269,9,FALSE) -> 41995649 | W53: 41995649 | X53: =VLOOKUP(Q53,YU!$B$1:$M$266,9,FALSE) -> 17.856 | Y53: 17.856 | Z53: 5.3243499 | AA53: =LN(T53) -> 10.890681 | AB53: =AA53-AVERAGE($AA$2:$AA$469) -> 0.36628382 | AC53: 0.36628382 | AD53: 1.6411915 | AE53: 2.540594 | AG53: =T53-U53 -> 0 | AH53: =V53-W53 -> 0 | AI53: =X53-Y53 -> 0 | AJ53: =LN(C53)-H53 -> 0.57302019
A54: 2023 | B54: France | C54: =VLOOKUP(B54,Sheet5!$B$2:$C$2166,2,FALSE) -> 5445 | D54: 2985 | E54: 1330 | F54: 0.446 | G54: 15 | H54: 8.001355 | I54: 1 | J54: 1 | K54: 1 | L54: 3 | M54: Real_EU | N54: France | O54: 1 | P54: 1 | Q54: FRA | R54: =VLOOKUP(Q54,GDP!$A$2:$B$266,1,FALSE) -> FRA | S54: =VLOOKUP(Q54,GDP!$A$2:$B$266,2,FALSE) -> France | T54: =VLOOKUP(Q54,GDP!$A$1:$L$266,10,FALSE) -> 54296.723 | U54: 54296.723 | V54: =VLOOKUP(Q54,POP!$B$5:$M$269,10,FALSE) -> 42025764 | W54: 42025764 | X54: =VLOOKUP(Q54,YU!$B$1:$M$266,10,FALSE) -> 17.419 | Y54: 17.419 | AA54: =LN(T54) -> 10.902219 | AB54: =AA54-AVERAGE($AA$2:$AA$469) -> 0.37782245 | AC54: 0.37782245 | AD54: 1.6419083 | AE54: 2.103594 | AG54: =T54-U54 -> 0 | AH54: =V54-W54 -> 0 | AI54: =X54-Y54 -> 0 | AJ54: =LN(C54)-H54 -> 0.60109801
A55: 2024 | B55: France | C55: =VLOOKUP(B55,Sheet5!$B$2:$C$2166,2,FALSE) -> 5445 | D55: 2865 | E55: 1240 | F55: 0.433 | G55: 15 | H55: 7.9603236 | I55: 1 | J55: 1 | K55: 1 | L55: 4 | M55: Real_EU | N55: France | O55: 1 | P55: 1 | Q55: FRA | R55: =VLOOKUP(Q55,GDP!$A$2:$B$266,1,FALSE) -> FRA | S55: =VLOOKUP(Q55,GDP!$A$2:$B$266,2,FALSE) -> France | T55: =VLOOKUP(Q55,GDP!$A$1:$L$266,11,FALSE) -> 54799.348 | U55: 54799.348 | V55: =VLOOKUP(Q55,POP!$B$5:$M$269,11,FALSE) -> 42055285 | W55: 42055285 | X55: =VLOOKUP(Q55,YU!$B$1:$M$266,11,FALSE) -> 18.603 | Y55: 18.603 | AA55: =LN(T55) -> 10.911434 | AB55: =AA55-AVERAGE($AA$2:$AA$469) -> 0.38703688 | AC55: 0.38703688 | AD55: 1.6426105 | AE55: 3.287594 | AG55: =T55-U55 -> 0 | AH55: =V55-W55 -> 0 | AI55: =X55-Y55 -> 0 | AJ55: =LN(C55)-H55 -> 0.64212941
A56: 2016 | B56: Germany | C56: =VLOOKUP(B56,Sheet5!$B$2:$C$2166,2,FALSE) -> 3770 | D56: 3770 | E56: 2120 | F56: 0.5630000000000001 | G56: 10 | H56: 8.2348303 | I56: 1 | J56: 1 | K56: 0 | L56: -4 | M56: Real_EU | N56: Germany | O56: 1 | P56: 0 | Q56: DEU | R56: =VLOOKUP(Q56,GDP!$A$2:$B$266,1,FALSE) -> DEU | S56: =VLOOKUP(Q56,GDP!$A$2:$B$266,2,FALSE) -> Germany | T56: =VLOOKUP(Q56,GDP!$A$1:$C$266,3,FALSE) -> 60504.586 | U56: 60504.586 | V56: =VLOOKUP(Q56,POP!$B$5:$M$269,3,FALSE) -> 53970091 | W56: 53970091 | X56: =VLOOKUP(Q56,YU!$B$1:$D$266,3,FALSE) -> 7.079 | Y56: 7.079 | Z56: 4.7632198 | AA56: =LN(T56) -> 11.010474 | AB56: =AA56-AVERAGE($AA$2:$AA$469) -> 0.48607774 | AC56: 0.48607774 | AD56: 1.8920555 | AE56: -8.236406 | AG56: =T56-U56 -> 0 | AH56: =V56-W56 -> 0 | AI56: =X56-Y56 -> 0 | AJ56: =LN(C56)-H56 -> 0
A57: 2017 | B57: Germany | C57: =VLOOKUP(B57,Sheet5!$B$2:$C$2166,2,FALSE) -> 3770 | D57: 3445 | E57: 1865 | F57: 0.542 | G57: 10 | H57: 8.1446792 | I57: 1 | J57: 1 | K57: 0 | L57: -3 | M57: Real_EU | N57: Germany | O57: 1 | P57: 0 | Q57: DEU | R57: =VLOOKUP(Q57,GDP!$A$2:$B$266,1,FALSE) -> DEU | S57: =VLOOKUP(Q57,GDP!$A$2:$B$266,2,FALSE) -> Germany | T57: =VLOOKUP(Q57,GDP!$A$1:$L$266,4,FALSE) -> 61965.434 | U57: 61965.434 | V57: =VLOOKUP(Q57,POP!$B$5:$M$269,4,FALSE) -> 53933149 | W57: 53933149 | X57: =VLOOKUP(Q57,YU!$B$1:$M$266,4,FALSE) -> 6.77 | Y57: 6.77 | Z57: 4.7783098 | AA57: =LN(T57) -> 11.034332 | AB57: =AA57-AVERAGE($AA$2:$AA$469) -> 0.5099353 | AC57: 0.5099353 | AD57: 1.8913707 | AE57: -8.545406 | AG57: =T57-U57 -> 0 | AH57: =V57-W57 -> 0 | AI57: =X57-Y57 -> 0 | AJ57: =LN(C57)-H57 -> 0.090151097
A58: 2018 | B58: Germany | C58: =VLOOKUP(B58,Sheet5!$B$2:$C$2166,2,FALSE) -> 3770 | D58: 3625 | E58: 2000 | F58: 0.552 | G58: 15 | H58: 8.1956096 | I58: 1 | J58: 1 | K58: 0 | L58: -2 | M58: Real_EU | N58: Germany | O58: 1 | P58: 0 | Q58: DEU | R58: =VLOOKUP(Q58,GDP!$A$2:$B$266,1,FALSE) -> DEU | S58: =VLOOKUP(Q58,GDP!$A$2:$B$266,2,FALSE) -> Germany | T58: =VLOOKUP(Q58,GDP!$A$1:$L$266,5,FALSE) -> 62481.118 | U58: 62481.118 | V58: =VLOOKUP(Q58,POP!$B$5:$M$269,5,FALSE) -> 53878496 | W58: 53878496 | X58: =VLOOKUP(Q58,YU!$B$1:$M$266,5,FALSE) -> 6.22 | Y58: 6.22 | Z58: 4.8840199 | AA58: =LN(T58) -> 11.04262 | AB58: =AA58-AVERAGE($AA$2:$AA$469) -> 0.51822298 | AC58: 0.51822298 | AD58: 1.8903569 | AE58: -9.095406 | AG58: =T58-U58 -> 0 | AH58: =V58-W58 -> 0 | AI58: =X58-Y58 -> 0 | AJ58: =LN(C58)-H58 -> 0.039220713
A59: 2019 | B59: Germany | C59: =VLOOKUP(B59,Sheet5!$B$2:$C$2166,2,FALSE) -> 3770 | D59: 3330 | E59: 1755 | F59: 0.527 | G59: 15 | H59: 8.1107276 | I59: 1 | J59: 1 | K59: 0 | L59: -1 | M59: Real_EU | N59: Germany | O59: 1 | P59: 0 | Q59: DEU | R59: =VLOOKUP(Q59,GDP!$A$2:$B$266,1,FALSE) -> DEU | S59: =VLOOKUP(Q59,GDP!$A$2:$B$266,2,FALSE) -> Germany | T59: =VLOOKUP(Q59,GDP!$A$1:$L$266,6,FALSE) -> 62949.893 | U59: 62949.893 | V59: =VLOOKUP(Q59,POP!$B$5:$M$269,6,FALSE) -> 53768633 | W59: 53768633 | X59: =VLOOKUP(Q59,YU!$B$1:$M$266,6,FALSE) -> 5.859 | Y59: 5.859 | Z59: 5.0275798 | AA59: =LN(T59) -> 11.050094 | AB59: =AA59-AVERAGE($AA$2:$AA$469) -> 0.52569764 | AC59: 0.52569764 | AD59: 1.8883157 | AE59: -9.456406 | AG59: =T59-U59 -> 0 | AH59: =V59-W59 -> 0 | AI59: =X59-Y59 -> 0 | AJ59: =LN(C59)-H59 -> 0.1241027
A60: 2020 | B60: Germany | C60: =VLOOKUP(B60,Sheet5!$B$2:$C$2166,2,FALSE) -> 3770 | D60: 3250 | E60: 1775 | F60: 0.546 | G60: 35 | H60: 8.0864103 | I60: 1 | J60: 1 | K60: 0 | L60: 0 | M60: Real_EU | N60: Germany | O60: 1 | P60: 0 | Q60: DEU | R60: =VLOOKUP(Q60,GDP!$A$2:$B$266,1,FALSE) -> DEU | S60: =VLOOKUP(Q60,GDP!$A$2:$B$266,2,FALSE) -> Germany | T60: =VLOOKUP(Q60,GDP!$A$1:$L$266,7,FALSE) -> 60299.577 | U60: 60299.577 | V60: =VLOOKUP(Q60,POP!$B$5:$M$269,7,FALSE) -> 53550233 | W60: 53550233 | X60: =VLOOKUP(Q60,YU!$B$1:$M$266,7,FALSE) -> 7.862 | Y60: 7.862 | Z60: 5.5160098 | AA60: =LN(T60) -> 11.00708 | AB60: =AA60-AVERAGE($AA$2:$AA$469) -> 0.48268366 | AC60: 0.48268366 | AD60: 1.8842456 | AE60: -7.453406 | AG60: =T60-U60 -> 0 | AH60: =V60-W60 -> 0 | AI60: =X60-Y60 -> 0 | AJ60: =LN(C60)-H60 -> 0.14842001
A61: 2021 | B61: Germany | C61: =VLOOKUP(B61,Sheet5!$B$2:$C$2166,2,FALSE) -> 3770 | D61: 2140 | E61: 895 | F61: 0.419 | G61: 5 | H61: 7.6685611 | I61: 1 | J61: 1 | K61: 1 | L61: 1 | M61: Real_EU | N61: Germany | O61: 1 | P61: 1 | Q61: DEU | R61: =VLOOKUP(Q61,GDP!$A$2:$B$266,1,FALSE) -> DEU | S61: =VLOOKUP(Q61,GDP!$A$2:$B$266,2,FALSE) -> Germany | T61: =VLOOKUP(Q61,GDP!$A$1:$L$266,8,FALSE) -> 62630.775 | U61: 62630.775 | V61: =VLOOKUP(Q61,POP!$B$5:$M$269,8,FALSE) -> 53251922 | W61: 53251922 | X61: =VLOOKUP(Q61,YU!$B$1:$M$266,8,FALSE) -> 6.665 | Y61: 6.665 | Z61: 5.3673401 | AA61: =LN(T61) -> 11.045012 | AB61: =AA61-AVERAGE($AA$2:$AA$469) -> 0.52061534 | AC61: 0.52061534 | AD61: 1.8786593 | AE61: -8.650406 | AG61: =T61-U61 -> 0 | AH61: =V61-W61 -> 0 | AI61: =X61-Y61 -> 0 | AJ61: =LN(C61)-H61 -> 0.56626917
A62: 2022 | B62: Germany | C62: =VLOOKUP(B62,Sheet5!$B$2:$C$2166,2,FALSE) -> 3770 | D62: 1860 | E62: 800 | F62: 0.431 | G62: 15 | H62: 7.5283318 | I62: 1 | J62: 1 | K62: 1 | L62: 2 | M62: Real_EU | N62: Germany | O62: 1 | P62: 1 | Q62: DEU | R62: =VLOOKUP(Q62,GDP!$A$2:$B$266,1,FALSE) -> DEU | S62: =VLOOKUP(Q62,GDP!$A$2:$B$266,2,FALSE) -> Germany | T62: =VLOOKUP(Q62,GDP!$A$1:$L$266,9,FALSE) -> 63777.929 | U62: 63777.929 | V62: =VLOOKUP(Q62,POP!$B$5:$M$269,9,FALSE) -> 52924847 | W62: 52924847 | X62: =VLOOKUP(Q62,YU!$B$1:$M$266,9,FALSE) -> 6.049 | Y62: 6.049 | Z62: 5.2391601 | AA62: =LN(T62) -> 11.063162 | AB62: =AA62-AVERAGE($AA$2:$AA$469) -> 0.53876577 | AC62: 0.53876577 | AD62: 1.8724984 | AE62: -9.266406 | AG62: =T62-U62 -> 0 | AH62: =V62-W62 -> 0 | AI62: =X62-Y62 -> 0 | AJ62: =LN(C62)-H62 -> 0.70649851
A63: 2023 | B63: Germany | C63: =VLOOKUP(B63,Sheet5!$B$2:$C$2166,2,FALSE) -> 3770 | D63: 1810 | E63: 735 | F63: 0.406 | G63: 20 | H63: 7.5010821 | I63: 1 | J63: 1 | K63: 1 | L63: 3 | M63: Real_EU | N63: Germany | O63: 1 | P63: 1 | Q63: DEU | R63: =VLOOKUP(Q63,GDP!$A$2:$B$266,1,FALSE) -> DEU | S63: =VLOOKUP(Q63,GDP!$A$2:$B$266,2,FALSE) -> Germany | T63: =VLOOKUP(Q63,GDP!$A$1:$L$266,10,FALSE) -> 63140.195 | U63: 63140.195 | V63: =VLOOKUP(Q63,POP!$B$5:$M$269,10,FALSE) -> 52716168 | W63: 52716168 | X63: =VLOOKUP(Q63,YU!$B$1:$M$266,10,FALSE) -> 6.02 | Y63: 6.02 | AA63: =LN(T63) -> 11.053113 | AB63: =AA63-AVERAGE($AA$2:$AA$469) -> 0.52871615 | AC63: 0.52871615 | AD63: 1.8685477 | AE63: -9.295406 | AG63: =T63-U63 -> 0 | AH63: =V63-W63 -> 0 | AI63: =X63-Y63 -> 0 | AJ63: =LN(C63)-H63 -> 0.73374816
A64: 2024 | B64: Germany | C64: =VLOOKUP(B64,Sheet5!$B$2:$C$2166,2,FALSE) -> 3770 | D64: 1635 | E64: 650 | F64: 0.399 | G64: 15 | H64: 7.3993981 | I64: 1 | J64: 1 | K64: 1 | L64: 4 | M64: Real_EU | N64: Germany | O64: 1 | P64: 1 | Q64: DEU | R64: =VLOOKUP(Q64,GDP!$A$2:$B$266,1,FALSE) -> DEU | S64: =VLOOKUP(Q64,GDP!$A$2:$B$266,2,FALSE) -> Germany | T64: =VLOOKUP(Q64,GDP!$A$1:$L$266,11,FALSE) -> 62654.602 | U64: 62654.602 | V64: =VLOOKUP(Q64,POP!$B$5:$M$269,11,FALSE) -> 52527137 | W64: 52527137 | X64: =VLOOKUP(Q64,YU!$B$1:$M$266,11,FALSE) -> 6.604 | Y64: 6.604 | AA64: =LN(T64) -> 11.045392 | AB64: =AA64-AVERAGE($AA$2:$AA$469) -> 0.52099572 | AC64: 0.52099572 | AD64: 1.8649554 | AE64: -8.711406 | AG64: =T64-U64 -> 0 | AH64: =V64-W64 -> 0 | AI64: =X64-Y64 -> 0 | AJ64: =LN(C64)-H64 -> 0.8354322
A65: 2016 | B65: Greece | C65: =VLOOKUP(B65,Sheet5!$B$2:$C$2166,2,FALSE) -> 2460 | D65: 2460 | E65: 1710 | F65: 0.6960000000000001 | G65: 10 | H65: 7.8079166 | I65: 1 | J65: 1 | K65: 0 | L65: -4 | M65: Real_EU | N65: Greece | O65: 1 | P65: 0 | Q65: GRC | R65: =VLOOKUP(Q65,GDP!$A$2:$B$266,1,FALSE) -> GRC | S65: =VLOOKUP(Q65,GDP!$A$2:$B$266,2,FALSE) -> Greece | T65: =VLOOKUP(Q65,GDP!$A$1:$C$266,3,FALSE) -> 31468.62 | U65: 31468.62 | V65: =VLOOKUP(Q65,POP!$B$5:$M$269,3,FALSE) -> 6914252 | W65: 6914252 | X65: =VLOOKUP(Q65,YU!$B$1:$D$266,3,FALSE) -> 47.223 | Y65: 47.223 | AA65: =LN(T65) -> 10.356746 | AB65: =AA65-AVERAGE($AA$2:$AA$469) -> -0.16765057 | AC65: -0.16765057 | AD65: -0.16278976 | AE65: 31.907594 | AG65: =T65-U65 -> -5.0931703e-11 | AH65: =V65-W65 -> 0 | AI65: =X65-Y65 -> 0 | AJ65: =LN(C65)-H65 -> 0
A66: 2017 | B66: Greece | C66: =VLOOKUP(B66,Sheet5!$B$2:$C$2166,2,FALSE) -> 2460 | D66: 2450 | E66: 1715 | F66: 0.7010000000000001 | G66: 15 | H66: 7.8038433 | I66: 1 | J66: 1 | K66: 0 | L66: -3 | M66: Real_EU | N66: Greece | O66: 1 | P66: 0 | Q66: GRC | R66: =VLOOKUP(Q66,GDP!$A$2:$B$266,1,FALSE) -> GRC | S66: =VLOOKUP(Q66,GDP!$A$2:$B$266,2,FALSE) -> Greece | T66: =VLOOKUP(Q66,GDP!$A$1:$L$266,4,FALSE) -> 31995.411 | U66: 31995.411 | V66: =VLOOKUP(Q66,POP!$B$5:$M$269,4,FALSE) -> 6874783 | W66: 6874783 | X66: =VLOOKUP(Q66,YU!$B$1:$M$266,4,FALSE) -> 43.392 | Y66: 43.392 | Z66: 3.4677801 | AA66: =LN(T66) -> 10.373348 | AB66: =AA66-AVERAGE($AA$2:$AA$469) -> -0.15104894 | AC66: -0.15104894 | AD66: -0.16851447 | AE66: 28.076594 | AG66: =T66-U66 -> 4.3655746e-11 | AH66: =V66-W66 -> 0 | AI66: =X66-Y66 -> 0 | AJ66: =LN(C66)-H66 -> 0.0040733254
A67: 2018 | B67: Greece | C67: =VLOOKUP(B67,Sheet5!$B$2:$C$2166,2,FALSE) -> 2460 | D67: 2430 | E67: 1695 | F67: 0.6980000000000001 | G67: 20 | H67: 7.7956465 | I67: 1 | J67: 1 | K67: 0 | L67: -2 | M67: Real_EU | N67: Greece | O67: 1 | P67: 0 | Q67: GRC | R67: =VLOOKUP(Q67,GDP!$A$2:$B$266,1,FALSE) -> GRC | S67: =VLOOKUP(Q67,GDP!$A$2:$B$266,2,FALSE) -> Greece | T67: =VLOOKUP(Q67,GDP!$A$1:$L$266,5,FALSE) -> 32722.331 | U67: 32722.331 | V67: =VLOOKUP(Q67,POP!$B$5:$M$269,5,FALSE) -> 6840585 | W67: 6840585 | X67: =VLOOKUP(Q67,YU!$B$1:$M$266,5,FALSE) -> 40.011 | Y67: 40.011 | Z67: 3.5762601 | AA67: =LN(T67) -> 10.395813 | AB67: =AA67-AVERAGE($AA$2:$AA$469) -> -0.12858367 | AC67: -0.12858367 | AD67: -0.1735013 | AE67: 24.695594 | AG67: =T67-U67 -> 0 | AH67: =V67-W67 -> 0 | AI67: =X67-Y67 -> 0 | AJ67: =LN(C67)-H67 -> 0.012270093
A68: 2019 | B68: Greece | C68: =VLOOKUP(B68,Sheet5!$B$2:$C$2166,2,FALSE) -> 2460 | D68: 2400 | E68: 1745 | F68: 0.726 | G68: 15 | H68: 7.783224 | I68: 1 | J68: 1 | K68: 0 | L68: -1 | M68: Real_EU | N68: Greece | O68: 1 | P68: 0 | Q68: GRC | R68: =VLOOKUP(Q68,GDP!$A$2:$B$266,1,FALSE) -> GRC | S68: =VLOOKUP(Q68,GDP!$A$2:$B$266,2,FALSE) -> Greece | T68: =VLOOKUP(Q68,GDP!$A$1:$L$266,6,FALSE) -> 33502.751 | U68: 33502.751 | V68: =VLOOKUP(Q68,POP!$B$5:$M$269,6,FALSE) -> 6816454 | W68: 6816454 | X68: =VLOOKUP(Q68,YU!$B$1:$M$266,6,FALSE) -> 34.754 | Y68: 34.754 | Z68: 3.5506201 | AA68: =LN(T68) -> 10.419383 | AB68: =AA68-AVERAGE($AA$2:$AA$469) -> -0.10501388 | AC68: -0.10501388 | AD68: -0.17703515 | AE68: 19.438594 | AG68: =T68-U68 -> 0 | AH68: =V68-W68 -> 0 | AI68: =X68-Y68 -> 0 | AJ68: =LN(C68)-H68 -> 0.024692613
A69: 2020 | B69: Greece | C69: =VLOOKUP(B69,Sheet5!$B$2:$C$2166,2,FALSE) -> 2460 | D69: 2365 | E69: 1710 | F69: 0.723 | G69: 25 | H69: 7.7685333 | I69: 1 | J69: 1 | K69: 0 | L69: 0 | M69: Real_EU | N69: Greece | O69: 1 | P69: 0 | Q69: GRC | R69: =VLOOKUP(Q69,GDP!$A$2:$B$266,1,FALSE) -> GRC | S69: =VLOOKUP(Q69,GDP!$A$2:$B$266,2,FALSE) -> Greece | T69: =VLOOKUP(Q69,GDP!$A$1:$L$266,7,FALSE) -> 30487.113 | U69: 30487.113 | V69: =VLOOKUP(Q69,POP!$B$5:$M$269,7,FALSE) -> 6786793 | W69: 6786793 | X69: =VLOOKUP(Q69,YU!$B$1:$M$266,7,FALSE) -> 33.74 | Y69: 33.74 | AA69: =LN(T69) -> 10.325059 | AB69: =AA69-AVERAGE($AA$2:$AA$469) -> -0.19933736 | AC69: -0.19933736 | AD69: -0.18139603 | AE69: 18.424594 | AG69: =T69-U69 -> 0 | AH69: =V69-W69 -> 0 | AI69: =X69-Y69 -> 0 | AJ69: =LN(C69)-H69 -> 0.039383328
A70: 2021 | B70: Greece | C70: =VLOOKUP(B70,Sheet5!$B$2:$C$2166,2,FALSE) -> 2460 | D70: 1275 | E70: 765 | F70: 0.598 | G70: 5 | H70: 7.1507015 | I70: 1 | J70: 1 | K70: 1 | L70: 1 | M70: Real_EU | N70: Greece | O70: 1 | P70: 1 | Q70: GRC | R70: =VLOOKUP(Q70,GDP!$A$2:$B$266,1,FALSE) -> GRC | S70: =VLOOKUP(Q70,GDP!$A$2:$B$266,2,FALSE) -> Greece | T70: =VLOOKUP(Q70,GDP!$A$1:$L$266,8,FALSE) -> 33528.227 | U70: 33528.227 | V70: =VLOOKUP(Q70,POP!$B$5:$M$269,8,FALSE) -> 6673805 | W70: 6673805 | X70: =VLOOKUP(Q70,YU!$B$1:$M$266,8,FALSE) -> 35.39 | Y70: 35.39 | AA70: =LN(T70) -> 10.420143 | AB70: =AA70-AVERAGE($AA$2:$AA$469) -> -0.10425374 | AC70: -0.10425374 | AD70: -0.19818439 | AE70: 20.074594 | AG70: =T70-U70 -> 0 | AH70: =V70-W70 -> 0 | AI70: =X70-Y70 -> 0 | AJ70: =LN(C70)-H70 -> 0.65721517
A71: 2022 | B71: Greece | C71: =VLOOKUP(B71,Sheet5!$B$2:$C$2166,2,FALSE) -> 2460 | D71: 1080 | E71: 645 | F71: 0.595 | G71: 5 | H71: 6.9847163 | I71: 1 | J71: 1 | K71: 1 | L71: 2 | M71: Real_EU | N71: Greece | O71: 1 | P71: 1 | Q71: GRC | R71: =VLOOKUP(Q71,GDP!$A$2:$B$266,1,FALSE) -> GRC | S71: =VLOOKUP(Q71,GDP!$A$2:$B$266,2,FALSE) -> Greece | T71: =VLOOKUP(Q71,GDP!$A$1:$L$266,9,FALSE) -> 35828.176 | U71: 35828.176 | V71: =VLOOKUP(Q71,POP!$B$5:$M$269,9,FALSE) -> 6567840 | W71: 6567840 | X71: =VLOOKUP(Q71,YU!$B$1:$M$266,9,FALSE) -> 31.29 | Y71: 31.29 | Z71: 3.3754799 | AA71: =LN(T71) -> 10.48649 | AB71: =AA71-AVERAGE($AA$2:$AA$469) -> -0.03790681 | AC71: -0.03790681 | AD71: -0.21418954 | AE71: 15.974594 | AG71: =T71-U71 -> 0 | AH71: =V71-W71 -> 0 | AI71: =X71-Y71 -> 0 | AJ71: =LN(C71)-H71 -> 0.82320031
A72: 2023 | B72: Greece | C72: =VLOOKUP(B72,Sheet5!$B$2:$C$2166,2,FALSE) -> 2460 | D72: 1080 | E72: 640 | F72: 0.59 | G72: 5 | H72: 6.9847163 | I72: 1 | J72: 1 | K72: 1 | L72: 3 | M72: Real_EU | N72: Greece | O72: 1 | P72: 1 | Q72: GRC | R72: =VLOOKUP(Q72,GDP!$A$2:$B$266,1,FALSE) -> GRC | S72: =VLOOKUP(Q72,GDP!$A$2:$B$266,2,FALSE) -> Greece | T72: =VLOOKUP(Q72,GDP!$A$1:$L$266,10,FALSE) -> 36700.513 | U72: 36700.513 | V72: =VLOOKUP(Q72,POP!$B$5:$M$269,10,FALSE) -> 6549365 | W72: 6549365 | X72: =VLOOKUP(Q72,YU!$B$1:$M$266,10,FALSE) -> 26.543 | Y72: 26.543 | AA72: =LN(T72) -> 10.510546 | AB72: =AA72-AVERAGE($AA$2:$AA$469) -> -0.013850677 | AC72: -0.013850677 | AD72: -0.21700645 | AE72: 11.227594 | AG72: =T72-U72 -> 0 | AH72: =V72-W72 -> 0 | AI72: =X72-Y72 -> 0 | AJ72: =LN(C72)-H72 -> 0.82320031
A73: 2024 | B73: Greece | C73: =VLOOKUP(B73,Sheet5!$B$2:$C$2166,2,FALSE) -> 2460 | D73: 980 | E73: 590 | F73: 0.601 | G73: 5 | H73: 6.8875526 | I73: 1 | J73: 1 | K73: 1 | L73: 4 | M73: Real_EU | N73: Greece | O73: 1 | P73: 1 | Q73: GRC | R73: =VLOOKUP(Q73,GDP!$A$2:$B$266,1,FALSE) -> GRC | S73: =VLOOKUP(Q73,GDP!$A$2:$B$266,2,FALSE) -> Greece | T73: =VLOOKUP(Q73,GDP!$A$1:$L$266,11,FALSE) -> 37474.28 | U73: 37474.28 | V73: =VLOOKUP(Q73,POP!$B$5:$M$269,11,FALSE) -> 6538672 | W73: 6538672 | X73: =VLOOKUP(Q73,YU!$B$1:$M$266,11,FALSE) -> 22.375 | Y73: 22.375 | AA73: =LN(T73) -> 10.53141 | AB73: =AA73-AVERAGE($AA$2:$AA$469) -> 0.0070134032 | AC73: 0.0070134032 | AD73: -0.21864046 | AE73: 7.059594 | AG73: =T73-U73 -> 0 | AH73: =V73-W73 -> 0 | AI73: =X73-Y73 -> 0 | AJ73: =LN(C73)-H73 -> 0.92036406
A74: 2016 | B74: Hungary | C74: =VLOOKUP(B74,Sheet5!$B$2:$C$2166,2,FALSE) -> 940 | D74: 940 | E74: 575 | F74: 0.613 | G74: 0 | H74: 6.8458799 | I74: 1 | J74: 1 | K74: 0 | L74: -4 | M74: Real_EU | N74: Hungary | O74: 1 | P74: 0 | Q74: HUN | R74: =VLOOKUP(Q74,GDP!$A$2:$B$266,1,FALSE) -> HUN | S74: =VLOOKUP(Q74,GDP!$A$2:$B$266,2,FALSE) -> Hungary | T74: =VLOOKUP(Q74,GDP!$A$1:$C$266,3,FALSE) -> 32378.967 | U74: 32378.967 | V74: =VLOOKUP(Q74,POP!$B$5:$M$269,3,FALSE) -> 6543936 | W74: 6543936 | X74: =VLOOKUP(Q74,YU!$B$1:$D$266,3,FALSE) -> 12.923 | Y74: 12.923 | Z74: 4.6021099 | AA74: =LN(T74) -> 10.385264 | AB74: =AA74-AVERAGE($AA$2:$AA$469) -> -0.13913236 | AC74: -0.13913236 | AD74: -0.21783573 | AE74: -2.392406 | AG74: =T74-U74 -> 3.6379788e-11 | AH74: =V74-W74 -> 0 | AI74: =X74-Y74 -> 0 | AJ74: =LN(C74)-H74 -> 0
A75: 2017 | B75: Hungary | C75: =VLOOKUP(B75,Sheet5!$B$2:$C$2166,2,FALSE) -> 940 | D75: 915 | E75: 570 | F75: 0.623 | G75: 0 | H75: 6.8189241 | I75: 1 | J75: 1 | K75: 0 | L75: -3 | M75: Real_EU | N75: Hungary | O75: 1 | P75: 0 | Q75: HUN | R75: =VLOOKUP(Q75,GDP!$A$2:$B$266,1,FALSE) -> HUN | S75: =VLOOKUP(Q75,GDP!$A$2:$B$266,2,FALSE) -> Hungary | T75: =VLOOKUP(Q75,GDP!$A$1:$L$266,4,FALSE) -> 33828.715 | U75: 33828.715 | V75: =VLOOKUP(Q75,POP!$B$5:$M$269,4,FALSE) -> 6486255 | W75: 6486255 | X75: =VLOOKUP(Q75,YU!$B$1:$M$266,4,FALSE) -> 10.699 | Y75: 10.699 | Z75: 4.6403499 | AA75: =LN(T75) -> 10.429065 | AB75: =AA75-AVERAGE($AA$2:$AA$469) -> -0.095331427 | AC75: -0.095331427 | AD75: -0.22668923 | AE75: -4.616406 | AG75: =T75-U75 -> 0 | AH75: =V75-W75 -> 0 | AI75: =X75-Y75 -> 0 | AJ75: =LN(C75)-H75 -> 0.02695581
A76: 2018 | B76: Hungary | C76: =VLOOKUP(B76,Sheet5!$B$2:$C$2166,2,FALSE) -> 940 | D76: 990 | E76: 645 | F76: 0.649 | G76: 0 | H76: 6.8977049 | I76: 1 | J76: 1 | K76: 0 | L76: -2 | M76: Real_EU | N76: Hungary | O76: 1 | P76: 0 | Q76: HUN | R76: =VLOOKUP(Q76,GDP!$A$2:$B$266,1,FALSE) -> HUN | S76: =VLOOKUP(Q76,GDP!$A$2:$B$266,2,FALSE) -> Hungary | T76: =VLOOKUP(Q76,GDP!$A$1:$L$266,5,FALSE) -> 35798.041 | U76: 35798.041 | V76: =VLOOKUP(Q76,POP!$B$5:$M$269,5,FALSE) -> 6438070 | W76: 6438070 | X76: =VLOOKUP(Q76,YU!$B$1:$M$266,5,FALSE) -> 10.115 | Y76: 10.115 | Z76: 4.60568 | AA76: =LN(T76) -> 10.485648 | AB76: =AA76-AVERAGE($AA$2:$AA$469) -> -0.038748244 | AC76: -0.038748244 | AD76: -0.23414574 | AE76: -5.200406 | AG76: =T76-U76 -> 0 | AH76: =V76-W76 -> 0 | AI76: =X76-Y76 -> 0 | AJ76: =LN(C76)-H76 -> -0.051825068
A77: 2019 | B77: Hungary | C77: =VLOOKUP(B77,Sheet5!$B$2:$C$2166,2,FALSE) -> 940 | D77: 1045 | E77: 650 | F77: 0.623 | G77: 0 | H77: 6.9517722 | I77: 1 | J77: 1 | K77: 0 | L77: -1 | M77: Real_EU | N77: Hungary | O77: 1 | P77: 0 | Q77: HUN | R77: =VLOOKUP(Q77,GDP!$A$2:$B$266,1,FALSE) -> HUN | S77: =VLOOKUP(Q77,GDP!$A$2:$B$266,2,FALSE) -> Hungary | T77: =VLOOKUP(Q77,GDP!$A$1:$L$266,6,FALSE) -> 37662.677 | U77: 37662.677 | V77: =VLOOKUP(Q77,POP!$B$5:$M$269,6,FALSE) -> 6383795 | W77: 6383795 | X77: =VLOOKUP(Q77,YU!$B$1:$M$266,6,FALSE) -> 11.472 | Y77: 11.472 | Z77: 4.2014098 | AA77: =LN(T77) -> 10.536425 | AB77: =AA77-AVERAGE($AA$2:$AA$469) -> 0.012028176 | AC77: 0.012028176 | AD77: -0.2426118 | AE77: -3.843406 | AG77: =T77-U77 -> 0 | AH77: =V77-W77 -> 0 | AI77: =X77-Y77 -> 0 | AJ77: =LN(C77)-H77 -> -0.10589229
A78: 2020 | B78: Hungary | C78: =VLOOKUP(B78,Sheet5!$B$2:$C$2166,2,FALSE) -> 940 | D78: 1100 | E78: 705 | F78: 0.641 | G78: 0 | H78: 7.0030655 | I78: 1 | J78: 1 | K78: 0 | L78: 0 | M78: Real_EU | N78: Hungary | O78: 1 | P78: 0 | Q78: HUN | R78: =VLOOKUP(Q78,GDP!$A$2:$B$266,1,FALSE) -> HUN | S78: =VLOOKUP(Q78,GDP!$A$2:$B$266,2,FALSE) -> Hungary | T78: =VLOOKUP(Q78,GDP!$A$1:$L$266,7,FALSE) -> 36119.521 | U78: 36119.521 | V78: =VLOOKUP(Q78,POP!$B$5:$M$269,7,FALSE) -> 6319780 | W78: 6319780 | X78: =VLOOKUP(Q78,YU!$B$1:$M$266,7,FALSE) -> 12.882 | Y78: 12.882 | Z78: 4.1226501 | AA78: =LN(T78) -> 10.494589 | AB78: =AA78-AVERAGE($AA$2:$AA$469) -> -0.029807951 | AC78: -0.029807951 | AD78: -0.25269015 | AE78: -2.433406 | AG78: =T78-U78 -> 0 | AH78: =V78-W78 -> 0 | AI78: =X78-Y78 -> 0 | AJ78: =LN(C78)-H78 -> -0.15718558
A79: 2021 | B79: Hungary | C79: =VLOOKUP(B79,Sheet5!$B$2:$C$2166,2,FALSE) -> 940 | D79: 450 | E79: 190 | F79: 0.418 | G79: 0 | H79: 6.1092476 | I79: 1 | J79: 1 | K79: 1 | L79: 1 | M79: Real_EU | N79: Hungary | O79: 1 | P79: 1 | Q79: HUN | R79: =VLOOKUP(Q79,GDP!$A$2:$B$266,1,FALSE) -> HUN | S79: =VLOOKUP(Q79,GDP!$A$2:$B$266,2,FALSE) -> Hungary | T79: =VLOOKUP(Q79,GDP!$A$1:$L$266,8,FALSE) -> 38887.191 | U79: 38887.191 | V79: =VLOOKUP(Q79,POP!$B$5:$M$269,8,FALSE) -> 6262968 | W79: 6262968 | X79: =VLOOKUP(Q79,YU!$B$1:$M$266,8,FALSE) -> 13.549 | Y79: 13.549 | Z79: 4.6540799 | AA79: =LN(T79) -> 10.56842 | AB79: =AA79-AVERAGE($AA$2:$AA$469) -> 0.044023492 | AC79: 0.044023492 | AD79: -0.26172036 | AE79: -1.766406 | AG79: =T79-U79 -> 0 | AH79: =V79-W79 -> 0 | AI79: =X79-Y79 -> 0 | AJ79: =LN(C79)-H79 -> 0.73663229
A80: 2022 | B80: Hungary | C80: =VLOOKUP(B80,Sheet5!$B$2:$C$2166,2,FALSE) -> 940 | D80: 305 | E80: 125 | F80: 0.41000000000000003 | G80: 0 | H80: 5.7203118 | I80: 1 | J80: 1 | K80: 1 | L80: 2 | M80: Real_EU | N80: Hungary | O80: 1 | P80: 1 | Q80: HUN | R80: =VLOOKUP(Q80,GDP!$A$2:$B$266,1,FALSE) -> HUN | S80: =VLOOKUP(Q80,GDP!$A$2:$B$266,2,FALSE) -> Hungary | T80: =VLOOKUP(Q80,GDP!$A$1:$L$266,9,FALSE) -> 40610.971 | U80: 40610.971 | V80: =VLOOKUP(Q80,POP!$B$5:$M$269,9,FALSE) -> 6228108 | W80: 6228108 | X80: =VLOOKUP(Q80,YU!$B$1:$M$266,9,FALSE) -> 10.541 | Y80: 10.541 | Z80: 3.8011999 | AA80: =LN(T80) -> 10.611794 | AB80: =AA80-AVERAGE($AA$2:$AA$469) -> 0.087396832 | AC80: 0.087396832 | AD80: -0.26730196 | AE80: -4.774406 | AG80: =T80-U80 -> 0 | AH80: =V80-W80 -> 0 | AI80: =X80-Y80 -> 0 | AJ80: =LN(C80)-H80 -> 1.1255681
A81: 2023 | B81: Hungary | C81: =VLOOKUP(B81,Sheet5!$B$2:$C$2166,2,FALSE) -> 940 | D81: 320 | E81: 130 | F81: 0.404 | G81: 0 | H81: 5.768321 | I81: 1 | J81: 1 | K81: 1 | L81: 3 | M81: Real_EU | N81: Hungary | O81: 1 | P81: 1 | Q81: HUN | R81: =VLOOKUP(Q81,GDP!$A$2:$B$266,1,FALSE) -> HUN | S81: =VLOOKUP(Q81,GDP!$A$2:$B$266,2,FALSE) -> Hungary | T81: =VLOOKUP(Q81,GDP!$A$1:$L$266,10,FALSE) -> 40333.255 | U81: 40333.255 | V81: =VLOOKUP(Q81,POP!$B$5:$M$269,10,FALSE) -> 6205709 | W81: 6205709 | X81: =VLOOKUP(Q81,YU!$B$1:$M$266,10,FALSE) -> 12.779 | Y81: 12.779 | AA81: =LN(T81) -> 10.604932 | AB81: =AA81-AVERAGE($AA$2:$AA$469) -> 0.080534884 | AC81: 0.080534884 | AD81: -0.27090488 | AE81: -2.536406 | AG81: =T81-U81 -> 0 | AH81: =V81-W81 -> 0 | AI81: =X81-Y81 -> 0 | AJ81: =LN(C81)-H81 -> 1.0775589
A82: 2024 | B82: Hungary | C82: =VLOOKUP(B82,Sheet5!$B$2:$C$2166,2,FALSE) -> 940 | D82: 340 | E82: 140 | F82: 0.417 | G82: 0 | H82: 5.8289456 | I82: 1 | J82: 1 | K82: 1 | L82: 4 | M82: Real_EU | N82: Hungary | O82: 1 | P82: 1 | Q82: HUN | R82: =VLOOKUP(Q82,GDP!$A$2:$B$266,1,FALSE) -> HUN | S82: =VLOOKUP(Q82,GDP!$A$2:$B$266,2,FALSE) -> Hungary | T82: =VLOOKUP(Q82,GDP!$A$1:$L$266,11,FALSE) -> 40747.199 | U82: 40747.199 | V82: =VLOOKUP(Q82,POP!$B$5:$M$269,11,FALSE) -> 6177612 | W82: 6177612 | X82: =VLOOKUP(Q82,YU!$B$1:$M$266,11,FALSE) -> 15.088 | Y82: 15.088 | AA82: =LN(T82) -> 10.615142 | AB82: =AA82-AVERAGE($AA$2:$AA$469) -> 0.09074567 | AC82: 0.09074567 | AD82: -0.27544276 | AE82: -0.22740598 | AG82: =T82-U82 -> 0 | AH82: =V82-W82 -> 0 | AI82: =X82-Y82 -> 0 | AJ82: =LN(C82)-H82 -> 1.0169343
A83: 2016 | B83: Ireland | C83: =VLOOKUP(B83,Sheet5!$B$2:$C$2166,2,FALSE) -> 5255 | D83: 5255 | E83: 1960 | F83: 0.373 | G83: 40 | H83: 8.5669353 | I83: 0 | J83: 0 | K83: 0 | L83: -4 | M83: Synthetic_EU | N83: CONTROL | O83: 0.1971787 | P83: 0 | Q83: IRL | R83: =VLOOKUP(Q83,GDP!$A$2:$B$266,1,FALSE) -> IRL | S83: =VLOOKUP(Q83,GDP!$A$2:$B$266,2,FALSE) -> Ireland | T83: =VLOOKUP(Q83,GDP!$A$1:$C$266,3,FALSE) -> 80760.097 | U83: 80760.097 | V83: =VLOOKUP(Q83,POP!$B$5:$M$269,3,FALSE) -> 3117425 | W83: 3117425 | X83: =VLOOKUP(Q83,YU!$B$1:$D$266,3,FALSE) -> 16.797 | Y83: 16.797 | Z83: 3.6588199 | AA83: =LN(T83) -> 11.299238 | AB83: =AA83-AVERAGE($AA$2:$AA$469) -> 0.77484158 | AC83: 0.77484158 | AD83: -0.95936721 | AE83: 1.481594 | AG83: =T83-U83 -> 0 | AH83: =V83-W83 -> 0 | AI83: =X83-Y83 -> 0 | AJ83: =LN(C83)-H83 -> 0
A84: 2017 | B84: Ireland | C84: =VLOOKUP(B84,Sheet5!$B$2:$C$2166,2,FALSE) -> 5255 | D84: 4455 | E84: 1740 | F84: 0.391 | G84: 30 | H84: 8.4017823 | I84: 0 | J84: 0 | K84: 0 | L84: -3 | M84: Synthetic_EU | N84: CONTROL | O84: 0.1971787 | P84: 0 | Q84: IRL | R84: =VLOOKUP(Q84,GDP!$A$2:$B$266,1,FALSE) -> IRL | S84: =VLOOKUP(Q84,GDP!$A$2:$B$266,2,FALSE) -> Ireland | T84: =VLOOKUP(Q84,GDP!$A$1:$L$266,4,FALSE) -> 87731.79 | U84: 87731.79 | V84: =VLOOKUP(Q84,POP!$B$5:$M$269,4,FALSE) -> 3156397 | W84: 3156397 | X84: =VLOOKUP(Q84,YU!$B$1:$M$266,4,FALSE) -> 14.402 | Y84: 14.402 | Z84: 3.3773701 | AA84: =LN(T84) -> 11.38204 | AB84: =AA84-AVERAGE($AA$2:$AA$469) -> 0.85764289 | AC84: 0.85764289 | AD84: -0.94694336 | AE84: -0.91340598 | AG84: =T84-U84 -> 0 | AH84: =V84-W84 -> 0 | AI84: =X84-Y84 -> 0 | AJ84: =LN(C84)-H84 -> 0.16515294
A85: 2018 | B85: Ireland | C85: =VLOOKUP(B85,Sheet5!$B$2:$C$2166,2,FALSE) -> 5255 | D85: 4215 | E85: 1755 | F85: 0.41600000000000004 | G85: 25 | H85: 8.3464049 | I85: 0 | J85: 0 | K85: 0 | L85: -2 | M85: Synthetic_EU | N85: CONTROL | O85: 0.1971787 | P85: 0 | Q85: IRL | R85: =VLOOKUP(Q85,GDP!$A$2:$B$266,1,FALSE) -> IRL | S85: =VLOOKUP(Q85,GDP!$A$2:$B$266,2,FALSE) -> Ireland | T85: =VLOOKUP(Q85,GDP!$A$1:$L$266,5,FALSE) -> 93115.839 | U85: 93115.839 | V85: =VLOOKUP(Q85,POP!$B$5:$M$269,5,FALSE) -> 3200720 | W85: 3200720 | X85: =VLOOKUP(Q85,YU!$B$1:$M$266,5,FALSE) -> 13.756 | Y85: 13.756 | Z85: 3.3034799 | AA85: =LN(T85) -> 11.4416 | AB85: =AA85-AVERAGE($AA$2:$AA$469) -> 0.91720288 | AC85: 0.91720288 | AD85: -0.93299877 | AE85: -1.559406 | AG85: =T85-U85 -> 0 | AH85: =V85-W85 -> 0 | AI85: =X85-Y85 -> 0 | AJ85: =LN(C85)-H85 -> 0.22053041
A86: 2019 | B86: Ireland | C86: =VLOOKUP(B86,Sheet5!$B$2:$C$2166,2,FALSE) -> 5255 | D86: 4180 | E86: 1700 | F86: 0.40700000000000003 | G86: 20 | H86: 8.3380665 | I86: 0 | J86: 0 | K86: 0 | L86: -1 | M86: Synthetic_EU | N86: CONTROL | O86: 0.1971787 | P86: 0 | Q86: IRL | R86: =VLOOKUP(Q86,GDP!$A$2:$B$266,1,FALSE) -> IRL | S86: =VLOOKUP(Q86,GDP!$A$2:$B$266,2,FALSE) -> Ireland | T86: =VLOOKUP(Q86,GDP!$A$1:$L$266,6,FALSE) -> 96205.796 | U86: 96205.796 | V86: =VLOOKUP(Q86,POP!$B$5:$M$269,6,FALSE) -> 3251795 | W86: 3251795 | X86: =VLOOKUP(Q86,YU!$B$1:$M$266,6,FALSE) -> 12.457 | Y86: 12.457 | Z86: 3.22984 | AA86: =LN(T86) -> 11.474245 | AB86: =AA86-AVERAGE($AA$2:$AA$469) -> 0.94984818 | AC86: 0.94984818 | AD86: -0.9171674 | AE86: -2.858406 | AG86: =T86-U86 -> 0 | AH86: =V86-W86 -> 0 | AI86: =X86-Y86 -> 0 | AJ86: =LN(C86)-H86 -> 0.22886876
A87: 2020 | B87: Ireland | C87: =VLOOKUP(B87,Sheet5!$B$2:$C$2166,2,FALSE) -> 5255 | D87: 4365 | E87: 2065 | F87: 0.47300000000000003 | G87: 55 | H87: 8.3813735 | I87: 0 | J87: 0 | K87: 0 | L87: 0 | M87: Synthetic_EU | N87: CONTROL | O87: 0.1971787 | P87: 0 | Q87: IRL | R87: =VLOOKUP(Q87,GDP!$A$2:$B$266,1,FALSE) -> IRL | S87: =VLOOKUP(Q87,GDP!$A$2:$B$266,2,FALSE) -> Ireland | T87: =VLOOKUP(Q87,GDP!$A$1:$L$266,7,FALSE) -> 101793.45 | U87: 101793.45 | V87: =VLOOKUP(Q87,POP!$B$5:$M$269,7,FALSE) -> 3292799 | W87: 3292799 | X87: =VLOOKUP(Q87,YU!$B$1:$M$266,7,FALSE) -> 15.263 | Y87: 15.263 | Z87: 3.1916399 | AA87: =LN(T87) -> 11.530701 | AB87: =AA87-AVERAGE($AA$2:$AA$469) -> 1.0063043 | AC87: 1.0063043 | AD87: -0.90463659 | AE87: -0.052405983 | AG87: =T87-U87 -> 3.9290171e-10 | AH87: =V87-W87 -> 0 | AI87: =X87-Y87 -> 0 | AJ87: =LN(C87)-H87 -> 0.18556182
A88: 2021 | B88: Ireland | C88: =VLOOKUP(B88,Sheet5!$B$2:$C$2166,2,FALSE) -> 5255 | D88: 5400 | E88: 2385 | F88: 0.441 | G88: 25 | H88: 8.5941542 | I88: 0 | J88: 0 | K88: 1 | L88: 1 | M88: Synthetic_EU | N88: CONTROL | O88: 0.1971787 | P88: 0 | Q88: IRL | R88: =VLOOKUP(Q88,GDP!$A$2:$B$266,1,FALSE) -> IRL | S88: =VLOOKUP(Q88,GDP!$A$2:$B$266,2,FALSE) -> Ireland | T88: =VLOOKUP(Q88,GDP!$A$1:$L$266,8,FALSE) -> 116702.86 | U88: 116702.86 | V88: =VLOOKUP(Q88,POP!$B$5:$M$269,8,FALSE) -> 3339274 | W88: 3339274 | X88: =VLOOKUP(Q88,YU!$B$1:$M$266,8,FALSE) -> 15.612 | Y88: 15.612 | Z88: 2.9046199 | AA88: =LN(T88) -> 11.667386 | AB88: =AA88-AVERAGE($AA$2:$AA$469) -> 1.1429896 | AC88: 1.1429896 | AD88: -0.89062113 | AE88: 0.29659402 | AG88: =T88-U88 -> 0 | AH88: =V88-W88 -> 0 | AI88: =X88-Y88 -> 0 | AJ88: =LN(C88)-H88 -> -0.027218949
A89: 2022 | B89: Ireland | C89: =VLOOKUP(B89,Sheet5!$B$2:$C$2166,2,FALSE) -> 5255 | D89: 5640 | E89: 2475 | F89: 0.439 | G89: 40 | H89: 8.6376393 | I89: 0 | J89: 0 | K89: 1 | L89: 2 | M89: Synthetic_EU | N89: CONTROL | O89: 0.1971787 | P89: 0 | Q89: IRL | R89: =VLOOKUP(Q89,GDP!$A$2:$B$266,1,FALSE) -> IRL | S89: =VLOOKUP(Q89,GDP!$A$2:$B$266,2,FALSE) -> Ireland | T89: =VLOOKUP(Q89,GDP!$A$1:$L$266,9,FALSE) -> 123007.48 | U89: 123007.48 | V89: =VLOOKUP(Q89,POP!$B$5:$M$269,9,FALSE) -> 3408271 | W89: 3408271 | X89: =VLOOKUP(Q89,YU!$B$1:$M$266,9,FALSE) -> 9.389 | Y89: 9.389 | AA89: =LN(T89) -> 11.72 | AB89: =AA89-AVERAGE($AA$2:$AA$469) -> 1.1956037 | AC89: 1.1956037 | AD89: -0.87016943 | AE89: -5.926406 | AG89: =T89-U89 -> 0 | AH89: =V89-W89 -> 0 | AI89: =X89-Y89 -> 0 | AJ89: =LN(C89)-H89 -> -0.070704061
A90: 2023 | B90: Ireland | C90: =VLOOKUP(B90,Sheet5!$B$2:$C$2166,2,FALSE) -> 5255 | D90: 5545 | E90: 2255 | F90: 0.40700000000000003 | G90: 45 | H90: 8.6206519 | I90: 0 | J90: 0 | K90: 1 | L90: 3 | M90: Synthetic_EU | N90: CONTROL | O90: 0.1971787 | P90: 0 | Q90: IRL | R90: =VLOOKUP(Q90,GDP!$A$2:$B$266,1,FALSE) -> IRL | S90: =VLOOKUP(Q90,GDP!$A$2:$B$266,2,FALSE) -> Ireland | T90: =VLOOKUP(Q90,GDP!$A$1:$L$266,10,FALSE) -> 117659.73 | U90: 117659.73 | V90: =VLOOKUP(Q90,POP!$B$5:$M$269,10,FALSE) -> 3475937 | W90: 3475937 | X90: =VLOOKUP(Q90,YU!$B$1:$M$266,10,FALSE) -> 10.161 | Y90: 10.161 | AA90: =LN(T90) -> 11.675552 | AB90: =AA90-AVERAGE($AA$2:$AA$469) -> 1.1511554 | AC90: 1.1511554 | AD90: -0.85051047 | AE90: -5.154406 | AG90: =T90-U90 -> 0 | AH90: =V90-W90 -> 0 | AI90: =X90-Y90 -> 0 | AJ90: =LN(C90)-H90 -> -0.053716616
A91: 2024 | B91: Ireland | C91: =VLOOKUP(B91,Sheet5!$B$2:$C$2166,2,FALSE) -> 5255 | D91: 5415 | E91: 2260 | F91: 0.417 | G91: 35 | H91: 8.5969282 | I91: 0 | J91: 0 | K91: 1 | L91: 4 | M91: Synthetic_EU | N91: CONTROL | O91: 0.1971787 | P91: 0 | Q91: IRL | R91: =VLOOKUP(Q91,GDP!$A$2:$B$266,1,FALSE) -> IRL | S91: =VLOOKUP(Q91,GDP!$A$2:$B$266,2,FALSE) -> Ireland | T91: =VLOOKUP(Q91,GDP!$A$1:$L$266,11,FALSE) -> 118833.31 | U91: 118833.31 | V91: =VLOOKUP(Q91,POP!$B$5:$M$269,11,FALSE) -> 3537072 | W91: 3537072 | X91: =VLOOKUP(Q91,YU!$B$1:$M$266,11,FALSE) -> 10.439 | Y91: 10.439 | AA91: =LN(T91) -> 11.685477 | AB91: =AA91-AVERAGE($AA$2:$AA$469) -> 1.1610803 | AC91: 1.1610803 | AD91: -0.83307528 | AE91: -4.876406 | AG91: =T91-U91 -> 3.783498e-10 | AH91: =V91-W91 -> 0 | AI91: =X91-Y91 -> 0 | AJ91: =LN(C91)-H91 -> -0.029992876
A92: 2016 | B92: Italy | C92: =VLOOKUP(B92,Sheet5!$B$2:$C$2166,2,FALSE) -> 5035 | D92: 5035 | E92: 2665 | F92: 0.53 | G92: 40 | H92: 8.5241688 | I92: 1 | J92: 1 | K92: 0 | L92: -4 | M92: Real_EU | N92: Italy | O92: 1 | P92: 0 | Q92: ITA | R92: =VLOOKUP(Q92,GDP!$A$2:$B$266,1,FALSE) -> ITA | S92: =VLOOKUP(Q92,GDP!$A$2:$B$266,2,FALSE) -> Italy | T92: =VLOOKUP(Q92,GDP!$A$1:$C$266,3,FALSE) -> 47987.838 | U92: 47987.838 | V92: =VLOOKUP(Q92,POP!$B$5:$M$269,3,FALSE) -> 38555229 | W92: 38555229 | X92: =VLOOKUP(Q92,YU!$B$1:$D$266,3,FALSE) -> 37.758 | Y92: 37.758 | Z92: 3.79549 | AA92: =LN(T92) -> 10.778703 | AB92: =AA92-AVERAGE($AA$2:$AA$469) -> 0.25430618 | AC92: 0.25430618 | AD92: 1.5557172 | AE92: 22.442594 | AG92: =T92-U92 -> 0 | AH92: =V92-W92 -> 0 | AI92: =X92-Y92 -> 0 | AJ92: =LN(C92)-H92 -> 0
A93: 2017 | B93: Italy | C93: =VLOOKUP(B93,Sheet5!$B$2:$C$2166,2,FALSE) -> 5035 | D93: 4555 | E93: 2505 | F93: 0.549 | G93: 40 | H93: 8.4239808 | I93: 1 | J93: 1 | K93: 0 | L93: -3 | M93: Real_EU | N93: Italy | O93: 1 | P93: 0 | Q93: ITA | R93: =VLOOKUP(Q93,GDP!$A$2:$B$266,1,FALSE) -> ITA | S93: =VLOOKUP(Q93,GDP!$A$2:$B$266,2,FALSE) -> Italy | T93: =VLOOKUP(Q93,GDP!$A$1:$L$266,4,FALSE) -> 48849.218 | U93: 48849.218 | V93: =VLOOKUP(Q93,POP!$B$5:$M$269,4,FALSE) -> 38430960 | W93: 38430960 | X93: =VLOOKUP(Q93,YU!$B$1:$M$266,4,FALSE) -> 34.726 | Y93: 34.726 | Z93: 4.0266299 | AA93: =LN(T93) -> 10.796494 | AB93: =AA93-AVERAGE($AA$2:$AA$469) -> 0.27209695 | AC93: 0.27209695 | AD93: 1.5524888 | AE93: 19.410594 | AG93: =T93-U93 -> 0 | AH93: =V93-W93 -> 0 | AI93: =X93-Y93 -> 0 | AJ93: =LN(C93)-H93 -> 0.100188
A94: 2018 | B94: Italy | C94: =VLOOKUP(B94,Sheet5!$B$2:$C$2166,2,FALSE) -> 5035 | D94: 4435 | E94: 2420 | F94: 0.546 | G94: 25 | H94: 8.3972829 | I94: 1 | J94: 1 | K94: 0 | L94: -2 | M94: Real_EU | N94: Italy | O94: 1 | P94: 0 | Q94: ITA | R94: =VLOOKUP(Q94,GDP!$A$2:$B$266,1,FALSE) -> ITA | S94: =VLOOKUP(Q94,GDP!$A$2:$B$266,2,FALSE) -> Italy | T94: =VLOOKUP(Q94,GDP!$A$1:$L$266,5,FALSE) -> 49355.875 | U94: 49355.875 | V94: =VLOOKUP(Q94,POP!$B$5:$M$269,5,FALSE) -> 38307226 | W94: 38307226 | X94: =VLOOKUP(Q94,YU!$B$1:$M$266,5,FALSE) -> 32.185 | Y94: 32.185 | Z94: 4.2409401 | AA94: =LN(T94) -> 10.806812 | AB94: =AA94-AVERAGE($AA$2:$AA$469) -> 0.28241539 | AC94: 0.28241539 | AD94: 1.549264 | AE94: 16.869594 | AG94: =T94-U94 -> 0 | AH94: =V94-W94 -> 0 | AI94: =X94-Y94 -> 0 | AJ94: =LN(C94)-H94 -> 0.12688591
A95: 2019 | B95: Italy | C95: =VLOOKUP(B95,Sheet5!$B$2:$C$2166,2,FALSE) -> 5035 | D95: 4610 | E95: 2485 | F95: 0.539 | G95: 30 | H95: 8.4359831 | I95: 1 | J95: 1 | K95: 0 | L95: -1 | M95: Real_EU | N95: Italy | O95: 1 | P95: 0 | Q95: ITA | R95: =VLOOKUP(Q95,GDP!$A$2:$B$266,1,FALSE) -> ITA | S95: =VLOOKUP(Q95,GDP!$A$2:$B$266,2,FALSE) -> Italy | T95: =VLOOKUP(Q95,GDP!$A$1:$L$266,6,FALSE) -> 49690.63 | U95: 49690.63 | V95: =VLOOKUP(Q95,POP!$B$5:$M$269,6,FALSE) -> 38150120 | W95: 38150120 | X95: =VLOOKUP(Q95,YU!$B$1:$M$266,6,FALSE) -> 29.102 | Y95: 29.102 | Z95: 4.0784302 | AA95: =LN(T95) -> 10.813572 | AB95: =AA95-AVERAGE($AA$2:$AA$469) -> 0.28917496 | AC95: 0.28917496 | AD95: 1.5451544 | AE95: 13.786594 | AG95: =T95-U95 -> 0 | AH95: =V95-W95 -> 0 | AI95: =X95-Y95 -> 0 | AJ95: =LN(C95)-H95 -> 0.088185669
A96: 2020 | B96: Italy | C96: =VLOOKUP(B96,Sheet5!$B$2:$C$2166,2,FALSE) -> 5035 | D96: 4150 | E96: 2270 | F96: 0.547 | G96: 45 | H96: 8.3308636 | I96: 1 | J96: 1 | K96: 0 | L96: 0 | M96: Real_EU | N96: Italy | O96: 1 | P96: 0 | Q96: ITA | R96: =VLOOKUP(Q96,GDP!$A$2:$B$266,1,FALSE) -> ITA | S96: =VLOOKUP(Q96,GDP!$A$2:$B$266,2,FALSE) -> Italy | T96: =VLOOKUP(Q96,GDP!$A$1:$L$266,7,FALSE) -> 45505.069 | U96: 45505.069 | V96: =VLOOKUP(Q96,POP!$B$5:$M$269,7,FALSE) -> 37918891 | W96: 37918891 | X96: =VLOOKUP(Q96,YU!$B$1:$M$266,7,FALSE) -> 29.629 | Y96: 29.629 | Z96: 4.4180398 | AA96: =LN(T96) -> 10.725579 | AB96: =AA96-AVERAGE($AA$2:$AA$469) -> 0.2011823 | AC96: 0.2011823 | AD96: 1.5390749 | AE96: 14.313594 | AG96: =T96-U96 -> 0 | AH96: =V96-W96 -> 0 | AI96: =X96-Y96 -> 0 | AJ96: =LN(C96)-H96 -> 0.19330519
A97: 2021 | B97: Italy | C97: =VLOOKUP(B97,Sheet5!$B$2:$C$2166,2,FALSE) -> 5035 | D97: 2440 | E97: 1135 | F97: 0.464 | G97: 10 | H97: 7.7997533 | I97: 1 | J97: 1 | K97: 1 | L97: 1 | M97: Real_EU | N97: Italy | O97: 1 | P97: 1 | Q97: ITA | R97: =VLOOKUP(Q97,GDP!$A$2:$B$266,1,FALSE) -> ITA | S97: =VLOOKUP(Q97,GDP!$A$2:$B$266,2,FALSE) -> Italy | T97: =VLOOKUP(Q97,GDP!$A$1:$L$266,8,FALSE) -> 49825.393 | U97: 49825.393 | V97: =VLOOKUP(Q97,POP!$B$5:$M$269,8,FALSE) -> 37681637 | W97: 37681637 | X97: =VLOOKUP(Q97,YU!$B$1:$M$266,8,FALSE) -> 29.665 | Y97: 29.665 | Z97: 4.1711898 | AA97: =LN(T97) -> 10.81628 | AB97: =AA97-AVERAGE($AA$2:$AA$469) -> 0.29188334 | AC97: 0.29188334 | AD97: 1.5327983 | AE97: 14.349594 | AG97: =T97-U97 -> 0 | AH97: =V97-W97 -> 0 | AI97: =X97-Y97 -> 0 | AJ97: =LN(C97)-H97 -> 0.72441549
A98: 2022 | B98: Italy | C98: =VLOOKUP(B98,Sheet5!$B$2:$C$2166,2,FALSE) -> 5035 | D98: 1970 | E98: 930 | F98: 0.47300000000000003 | G98: 25 | H98: 7.5857888 | I98: 1 | J98: 1 | K98: 1 | L98: 2 | M98: Real_EU | N98: Italy | O98: 1 | P98: 1 | Q98: ITA | R98: =VLOOKUP(Q98,GDP!$A$2:$B$266,1,FALSE) -> ITA | S98: =VLOOKUP(Q98,GDP!$A$2:$B$266,2,FALSE) -> Italy | T98: =VLOOKUP(Q98,GDP!$A$1:$L$266,9,FALSE) -> 52333.327 | U98: 52333.327 | V98: =VLOOKUP(Q98,POP!$B$5:$M$269,9,FALSE) -> 37580511 | W98: 37580511 | X98: =VLOOKUP(Q98,YU!$B$1:$M$266,9,FALSE) -> 23.704 | Y98: 23.704 | Z98: 4.06776 | AA98: =LN(T98) -> 10.865389 | AB98: =AA98-AVERAGE($AA$2:$AA$469) -> 0.34099198 | AC98: 0.34099198 | AD98: 1.530111 | AE98: 8.388594 | AG98: =T98-U98 -> 0 | AH98: =V98-W98 -> 0 | AI98: =X98-Y98 -> 0 | AJ98: =LN(C98)-H98 -> 0.93837998
A99: 2023 | B99: Italy | C99: =VLOOKUP(B99,Sheet5!$B$2:$C$2166,2,FALSE) -> 5035 | D99: 1850 | E99: 795 | F99: 0.429 | G99: 20 | H99: 7.5229409 | I99: 1 | J99: 1 | K99: 1 | L99: 3 | M99: Real_EU | N99: Italy | O99: 1 | P99: 1 | Q99: ITA | R99: =VLOOKUP(Q99,GDP!$A$2:$B$266,1,FALSE) -> ITA | S99: =VLOOKUP(Q99,GDP!$A$2:$B$266,2,FALSE) -> Italy | T99: =VLOOKUP(Q99,GDP!$A$1:$L$266,10,FALSE) -> 52842.629 | U99: 52842.629 | V99: =VLOOKUP(Q99,POP!$B$5:$M$269,10,FALSE) -> 37535657 | W99: 37535657 | X99: =VLOOKUP(Q99,YU!$B$1:$M$266,10,FALSE) -> 22.727 | Y99: 22.727 | AA99: =LN(T99) -> 10.875074 | AB99: =AA99-AVERAGE($AA$2:$AA$469) -> 0.35067681 | AC99: 0.35067681 | AD99: 1.5289168 | AE99: 7.411594 | AG99: =T99-U99 -> 0 | AH99: =V99-W99 -> 0 | AI99: =X99-Y99 -> 0 | AJ99: =LN(C99)-H99 -> 1.0012279
A100: 2024 | B100: Italy | C100: =VLOOKUP(B100,Sheet5!$B$2:$C$2166,2,FALSE) -> 5035 | D100: 1560 | E100: 705 | F100: 0.451 | G100: 10 | H100: 7.3524411 | I100: 1 | J100: 1 | K100: 1 | L100: 4 | M100: Real_EU | N100: Italy | O100: 1 | P100: 1 | Q100: ITA | R100: =VLOOKUP(Q100,GDP!$A$2:$B$266,1,FALSE) -> ITA | S100: =VLOOKUP(Q100,GDP!$A$2:$B$266,2,FALSE) -> Italy | T100: =VLOOKUP(Q100,GDP!$A$1:$L$266,11,FALSE) -> 53284.875 | U100: 53284.875 | V100: =VLOOKUP(Q100,POP!$B$5:$M$269,11,FALSE) -> 37424897 | W100: 37424897 | X100: =VLOOKUP(Q100,YU!$B$1:$M$266,11,FALSE) -> 20.246 | Y100: 20.246 | AA100: =LN(T100) -> 10.883408 | AB100: =AA100-AVERAGE($AA$2:$AA$469) -> 0.35901109 | AC100: 0.35901109 | AD100: 1.5259616 | AE100: 4.930594 | AG100: =T100-U100 -> 0 | AH100: =V100-W100 -> 0 | AI100: =X100-Y100 -> 0 | AJ100: =LN(C100)-H100 -> 1.1717277
...

Sheet GDP
A1: Country Code | B1: Country Name | C1: 2016 | D1: 2017 | E1: 2018 | F1: 2019 | G1: 2020 | H1: 2021 | I1: 2022 | J1: 2023 | K1: 2024 | L1: 2025
A2: ABW | B2: Aruba | C2: 36926.113 | D2: 38213.289 | E2: 39378.228 | F2: 39754.56 | G2: 30408.827 | H2: 35207.171 | I2: 39083.462 | J2: 42783.249 | K2: 45428.003
A3: AFE | B3: Africa Eastern and Southern | C3: 4210.9357 | D3: 4223.1881 | E3: 4229.8396 | F3: 4200.531 | G3: 3978.1335 | H3: 4049.9695 | I3: 4098.1262 | J3: 4076.2249 | K3: 4099.8898 | L3: 4164.6792
A4: AFG | B4: Afghanistan | C4: 2958.7854 | D4: 2952.9989 | E4: 2902.3921 | F4: 2927.2451 | G4: 2769.6857 | H4: 2144.1666 | I4: 1981.7102 | J4: 1983.8126 | K4: 1964.4523
A5: AFW | B5: Africa Western and Central | C5: 6034.827 | D5: 6009.5161 | E5: 6026.5276 | F5: 6070.2848 | G5: 5698.7667 | H5: 5702.1349 | I5: 5818.4832 | J5: 5886.7966 | K5: 6009.0847 | L5: 6139.5873
A6: AGO | B6: Angola | C6: 10963.997 | D6: 10565.168 | E6: 10154.839 | F6: 9712.9794 | G6: 8904.949 | H6: 8720.1877 | I6: 8750.9936 | J6: 8597.5388 | K6: 8752.7975 | L6: 8760.1908
A7: ALB | B7: Albania | C7: 14643.429 | D7: 15359.397 | E7: 16170.923 | F7: 16761.123 | G7: 16457.719 | H7: 18212.795 | I7: 19388.793 | J7: 20501.647 | K7: 21640.984 | L7: 22724.294
A8: AND | B8: Andorra | C8: 64402.809 | D8: 63239.658 | E8: 63048.599 | F8: 63215.9 | G8: 55488.49 | H8: 59332.203 | I8: 63913.384 | J8: 64631.296 | K8: 66232.744 | L8: 67993.052
A9: ARB | B9: Arab World | C9: 16632.43 | D9: 16568.802 | E9: 16749.898 | F9: 16808.652 | G9: 15768.041 | H9: 16194.23 | I9: 16933.169 | J9: 16830.759 | K9: 16802.429 | L9: 17050.85
A10: ARE | B10: United Arab Emirates | C10: 75671.037 | D10: 72529.042 | E10: 72671.079 | F10: 72822.947 | G10: 66808.621 | H10: 68580.131 | I10: 70075.638 | J10: 70239.833 | K10: 69701.786
A11: ARG | B11: Argentina | C11: 27802.106 | D11: 28334.904 | E11: 27367.115 | F11: 26629.553 | G11: 23877.093 | H11: 26300.274 | I11: 27825.027 | J11: 27230.397 | K11: 26771.966 | L11: 27846.598
A12: ARM | B12: Armenia | C12: 13192.994 | D12: 14243.875 | E12: 15037.045 | F12: 16215.361 | G12: 15052.936 | H12: 15921.705 | I12: 17886.178 | J12: 19402.751 | K12: 20078.785 | L12: 21153.478
A13: ASM | B13: American Samoa
A14: ATG | B14: Antigua and Barbuda | C14: 26627.715 | D14: 27199.195 | E14: 28878.607 | F14: 29651.864 | G14: 23930.671 | H14: 25745.496 | I14: 27785.557 | J14: 28712.397 | K14: 29298.647 | L14: 30620.308
A15: AUS | B15: Australia | C15: 56529.952 | D15: 56881.857 | E15: 57647.846 | F15: 58048.619 | G15: 57260.465 | H15: 58327.415 | I15: 60029.133 | J15: 60684.96 | K15: 60309.583 | L15: 60194.063
A16: AUT | B16: Austria | C16: 61572.626 | D16: 62535.811 | E16: 63777.936 | F16: 64609.284 | G16: 60276.331 | H16: 62968.854 | I16: 65694.459 | J16: 64536.208 | K16: 63787.989 | L16: 63970.401
A17: AZE | B17: Azerbaijan | C17: 19822.411 | D17: 19659.005 | E17: 19781.851 | F17: 20101.492 | G17: 19126.097 | H17: 20111.376 | I17: 21051.244 | J17: 21310.739 | K17: 22090.53 | L17: 22314.217
A18: BDI | B18: Burundi | C18: 1006.5591 | D18: 1020.8498 | E18: 1043.4056 | F18: 1054.7259 | G18: 1027.629 | H18: 1032.3827 | I18: 1028.1113 | J18: 1033.0094 | K18: 1048.0556 | L18: 1066.513
A19: BEL | B19: Belgium | C19: 57901.498 | D19: 58529.33 | E19: 59357.69 | F19: 60479.977 | G19: 57333.542 | H19: 60669.214 | I19: 62602.927 | J19: 63042.01 | K19: 63311.277 | L19: 63488.422
A20: BEN | B20: Benin | C20: 2962.6638 | D20: 3041.7793 | E20: 3155.4511 | F20: 3281.1047 | G20: 3317.8597 | H20: 3464.2886 | I20: 3588.3252 | J20: 3721.2125 | K20: 3901.3259 | L20: 4116.2152
A21: BFA | B21: Burkina Faso | C21: 2162.7258 | D21: 2232.2878 | E21: 2316.3943 | F21: 2391.5363 | G21: 2380.9317 | H21: 2486.4309 | I21: 2469.1996 | J21: 2486.2067 | K21: 2548.5025 | L21: 2624.8286
A22: BGD | B22: Bangladesh | C22: 5682.5355 | D22: 6005.7072 | E22: 6392.5933 | F22: 6838.3261 | G22: 7015.1979 | H22: 7441.0691 | I22: 7888.1639 | J22: 8242.398 | K22: 8486.785 | L22: 8676.7558
A23: BGR | B23: Bulgaria | C23: 25636.744 | D23: 26691.758 | E23: 27690.894 | F23: 29149.922 | G23: 28521.206 | H23: 30958.983 | I23: 32433.659 | J23: 33073.68 | K23: 34221.387 | L23: 35325.532
A24: BHR | B24: Bahrain | C24: 54107.075 | D24: 53859.775 | E24: 54893.072 | F24: 56749.963 | G24: 53814.245 | H24: 54954.676 | I24: 57572.998 | J24: 57819.905 | K24: 59060.182 | L24: 60669.631
A25: BHS | B25: Bahamas, The | C25: 32172.337 | D25: 33050.035 | E25: 33650.216 | F25: 33202.49 | G25: 26452.696 | H25: 31064.682 | I25: 34342.929 | J25: 35221.27 | K25: 36244.05
A26: BIH | B26: Bosnia and Herzegovina | C26: 14873.641 | D26: 15554.659 | E26: 16349 | F26: 17029.297 | G26: 16747.035 | H26: 18286.661 | I26: 19298.117 | J26: 19804.918 | K26: 20578.5 | L26: 21178.226
A27: BLR | B27: Belarus | C27: 24846.83 | D27: 25503.981 | E27: 26363.463 | F27: 26798.821 | G27: 26731.495 | H27: 27611.18 | I27: 26537.508 | J27: 27782.438 | K27: 29135.947 | L27: 29666.212
A28: BLZ | B28: Belize | C28: 12063.06 | D28: 11572.301 | E28: 11451.898 | F28: 11765.975 | G28: 10045.14 | H28: 11716.327 | I28: 12565.365 | J28: 12371.009 | K28: 12621.408 | L28: 12788.842
A29: BMU | B29: Bermuda | C29: 93269.014 | D29: 96441.272 | E29: 95643.273 | F29: 95523.962 | G29: 88484.816 | H29: 92319.671 | I29: 97943.055 | J29: 102268.92 | K29: 104299.94
A30: BOL | B30: Bolivia | C30: 11448.022 | D30: 11755.256 | E30: 11920.314 | F30: 11930.916 | G30: 10285.659 | H30: 11202.441 | I30: 11487.715 | J30: 11616.158 | K30: 11329.152 | L30: 11000.535
A31: BRA | B31: Brazil | C31: 17620.927 | D31: 17724.48 | E31: 17917.749 | F31: 18018.621 | G31: 17327.516 | H31: 18075.706 | I31: 18554.046 | J31: 19079.812 | K31: 19652.365 | L31: 20024.697
A32: BRB | B32: Barbados | C32: 19877.112 | D32: 19966.32 | E32: 19877.676 | F32: 19890.456 | G32: 16399.702 | H32: 17686.747 | I32: 20494.534 | J32: 20865.016 | K32: 21557.528 | L32: 22127.36
A33: BRN | B33: Brunei Darussalam | C33: 78880.623 | D33: 78966.864 | E33: 78099.051 | F33: 80228.16 | G33: 80280.898 | H33: 78248.797 | I33: 76357.829 | J33: 76616.701 | K33: 79071.733 | L33: 78985.122
A34: BTN | B34: Bhutan | C34: 13320.976 | D34: 13482.343 | E34: 13854.854 | F34: 14555.188 | G34: 12979.937 | H34: 13458.813 | I34: 14061.312 | J34: 14610.296 | K34: 15603.887 | L34: 16743.87
A35: BWA | B35: Botswana | C35: 16905.589 | D35: 17352.896 | E35: 17825.019 | F35: 18106.011 | G35: 16289.391 | H35: 17960.625 | I35: 18647.373 | J35: 18932.48 | K35: 18107.614 | L35: 17687.204
A36: CAF | B36: Central African Republic | C36: 1073.9448 | D36: 1103.8661 | E36: 1125.7009 | F36: 1145.0956 | G36: 1136.5705 | H36: 1128.5524 | I36: 1136.8017 | J36: 1132.6764 | K36: 1111.2194 | L36: 1122.7608
A37: CAN | B37: Canada | C37: 55606.133 | D37: 56612.306 | E37: 57337.468 | F37: 57583.823 | G37: 54092.858 | H37: 56995.095 | I37: 58583.13 | J37: 58088.378 | K37: 57534.092 | L37: 57989.578
A38: CEB | B38: Central Europe and the Baltics | C38: 33063.13 | D38: 34898.599 | E38: 36731.096 | F38: 38302.006 | G38: 37280.02 | H38: 40122.361 | I38: 41833.706 | J38: 42113.891 | K38: 43043.895 | L38: 44160.926
A39: CHE | B39: Switzerland | C39: 78956.067 | D39: 79333.744 | E39: 81371.894 | F39: 81694.631 | G39: 79270.871 | H39: 83524.983 | I39: 85762.283 | J39: 85383.356 | K39: 85448.059 | L39: 85732.11
A40: CHI | B40: Channel Islands
A41: CHL | B41: Chile | C41: 27965.347 | D41: 27899.598 | E41: 28499.406 | F41: 28227.979 | G41: 26258.404 | H41: 29106.636 | I41: 29560.451 | J41: 29600.419 | K41: 30267.644 | L41: 30863.422
A42: CHN | B42: China | C42: 15772.837 | D42: 16758.046 | E42: 17807.049 | F42: 18820.587 | G42: 19215.101 | H42: 20843.298 | I42: 21499.313 | J42: 22687.252 | K42: 23841.477 | L42: 25066.522
A43: CIV | B43: Cote d'Ivoire | C43: 5320.8858 | D43: 5556.1548 | E43: 5670.242 | F43: 5894.9224 | G43: 5787.8581 | H43: 6045.2048 | I43: 6272.264 | J43: 6520.8989 | K43: 6747.038 | L43: 7014.8458
A44: CMR | B44: Cameroon | C44: 4767.1319 | D44: 4797.9754 | E44: 4851.48 | F44: 4882.3556 | G44: 4763.4819 | H44: 4793.5563 | I44: 4843.6504 | J44: 4875.2512 | K44: 4916.9335 | L44: 4945.9564
A45: COD | B45: Congo, Dem. Rep. | C45: 1388.8016 | D45: 1395.7196 | E45: 1431.7285 | F45: 1394.7646 | G45: 1361.0279 | H45: 1402.3856 | I45: 1484.3384 | J45: 1559.3381 | K45: 1601.7093 | L45: 1640.5662
A46: COG | B46: Congo, Rep. | C46: 8001.8255 | D46: 7372.7705 | E46: 7029.3365 | F46: 6939.3691 | G46: 6350.5091 | H46: 6263.2116 | I46: 6205.105 | J46: 6172.2878 | K46: 6152.5651 | L46: 6194.0898
A47: COL | B47: Colombia | C47: 17003.244 | D47: 16986.033 | E47: 17104.131 | F47: 17336.772 | G47: 15861.5 | H47: 17383.09 | I47: 18458.721 | J47: 18406.624 | K47: 18481.837 | L47: 18778.648
A48: COM | B48: Comoros | C48: 3411.7712 | D48: 3472.0786 | E48: 3528.9587 | F48: 3522.6687 | G48: 3447.4727 | H48: 3449.0436 | I48: 3465.8402 | J48: 3508.1586 | K48: 3556.0384 | L48: 3621.7663
A49: CPV | B49: Cabo Verde | C49: 7881.3034 | D49: 8234.56 | E49: 8531.1296 | F49: 9111.6299 | G49: 7207.8685 | H49: 7685.4192 | I49: 8850.1067 | J49: 9228.4605 | K49: 9825.5341 | L49: 10395.742
A50: CRI | B50: Costa Rica | C50: 21936.466 | D50: 22633.765 | E50: 23069.862 | F50: 23496.829 | G50: 22368.138 | H50: 24083.599 | I50: 25290.009 | J50: 26378.541 | K50: 27325.047 | L50: 28443.413
A51: CSS | B51: Caribbean small states | C51: 24339.826 | D51: 23920.589 | E51: 24024.818 | F51: 24095.627 | G51: 22222.115 | H51: 23495.159 | I51: 27023.557 | J51: 29600.953 | K51: 33971.553 | L51: 36714.315
A52: CUB | B52: Cuba
A53: CUW | B53: Curacao | C53: 30209.788 | D53: 29729.101 | E53: 29256.816 | F53: 28659.656 | G53: 23669.771 | H53: 24905.768 | I53: 26734.646 | J53: 27617.92 | K53: 28762.058
A54: CYM | B54: Cayman Islands | C54: 73941.859 | D54: 74599.68 | E54: 76124.551 | F54: 77476.841 | G54: 72183.136 | H54: 74160.491 | I54: 76735.374 | J54: 79580.887 | K54: 80996.651
A55: CYP | B55: Cyprus | C55: 39500.852 | D55: 41417.988 | E55: 43510.031 | F55: 45454.176 | G55: 43402.359 | H55: 47632.57 | I55: 50840.914 | J55: 51674.902 | K55: 52861.836 | L55: 54103.262
A56: CZE | B56: Czechia | C56: 43069.466 | D56: 45177.523 | E56: 46301.082 | F56: 47763.617 | G56: 45119.939 | H56: 47796.034 | I56: 48390.662 | J56: 47558.411 | K56: 47972.532 | L56: 49292.488
A57: DEU | B57: Germany | C57: 60504.586 | D57: 61965.434 | E57: 62481.118 | F57: 62949.893 | G57: 60299.577 | H57: 62630.775 | I57: 63777.929 | J57: 63140.195 | K57: 62654.602 | L57: 62823.774
A58: DJI | B58: Djibouti | C58: 5226.5003 | D58: 5421.9565 | E58: 5590.5043 | F58: 5809.3046 | G58: 5791.4777 | H58: 5960.1081 | I58: 6180.68 | J58: 6510.6786 | K58: 6871.1244 | L58: 7222.5499
A59: DMA | B59: Dominica | C59: 17364.077 | D59: 16314.23 | E59: 16877.124 | F59: 17619.434 | G59: 14919.531 | H59: 15808.974 | I59: 17550.801 | J59: 18278.225 | K59: 18739.364 | L59: 19409.29
A60: DNK | B60: Denmark | C60: 63468.989 | D60: 64989.446 | E60: 65870.83 | F60: 66758.632 | G60: 65379.307 | H60: 69327.998 | I60: 69089.469 | J60: 68993.903 | K60: 71034.579 | L60: 72723.275
A61: DOM | B61: Dominican Republic | C61: 18968.975 | D61: 19501.874 | E61: 20662.849 | F61: 21451.286 | G61: 19545.41 | H61: 22053.459 | I61: 22986.958 | J61: 23282.49 | K61: 24229.889 | L61: 24543.342
A62: DZA | B62: Algeria | C62: 15511.686 | D62: 15427.664 | E62: 15343.426 | F62: 15199.199 | G62: 14194.156 | H62: 14496.865 | I62: 14782.2 | J62: 15159.324 | K62: 15501.92 | L62: 15882.714
A63: EAP | B63: East Asia & Pacific (excluding high income) | C63: 14243.796 | D63: 15060.223 | E63: 15925.062 | F63: 16754.143 | G63: 16816.472 | H63: 17966.1 | I63: 18600.232 | J63: 19523.675 | K63: 20453.972 | L63: 21435.108
A64: EAR | B64: Early-demographic dividend | C64: 9809.6199 | D64: 10168.995 | E64: 10473.953 | F64: 10646.462 | G64: 10109.674 | H64: 10742.104 | I64: 11282.884 | J64: 11661.592 | K64: 12032.028 | L64: 12466.163
A65: EAS | B65: East Asia & Pacific | C65: 17975.468 | D65: 18809.507 | E65: 19664.417 | F65: 20432.98 | G65: 20334.225 | H65: 21598.585 | I65: 22275.388 | J65: 23181.86 | K65: 24094.159 | L65: 25109.709
A66: ECA | B66: Europe & Central Asia (excluding high income) | C66: 19031.741 | D66: 19877.84 | E66: 20447.44 | F66: 20830.979 | G66: 20592.416 | H66: 22179.177 | I66: 22334.444 | J66: 23625.924 | K66: 24430.218 | L66: 25132.831
... A70: EMU | B70: Euro area | C70: 51089.957 | D70: 52337.914 | E70: 53176.637 | F70: 53928.468 | G70: 50532.293 | H70: 53780.96 | I70: 55638.641 | J70: 55706.282 | K70: 56054.098 | L70: 56676.726
A71: ERI | B71: Eritrea
A72: ESP | B72: Spain | C72: 44274.668 | D72: 45446.251 | E72: 46325.21 | F72: 46896.417 | G72: 41553.448 | H72: 44251.666 | I72: 46733.481 | J72: 47322.594 | K72: 48460.291 | L72: 49318.106
A73: EST | B73: Estonia | C73: 37466.556 | D73: 39529.786 | E73: 40849.847 | F73: 42215.034 | G73: 40916.719 | H73: 44247.42 | I73: 43124.62 | J73: 41284.775 | K73: 41185.835 | L73: 41604.323
A74: ETH | B74: Ethiopia | C74: 2084.8406 | D74: 2222.8282 | E74: 2311.1651 | F74: 2437.9705 | G74: 2516.5491 | H74: 2588.4131 | I74: 2655.5928 | J74: 2757.9592 | K74: 2892.2222 | L74: 3094.8681
A75: EUU | B75: European Union | C75: 48336.508 | D75: 49704.254 | E75: 50737.233 | F75: 51662.077 | G75: 48769.514 | H75: 51968.439 | I75: 53777.333 | J75: 53861.795 | K75: 54341.626 | L75: 55086.987
A76: FIN | B76: Finland | C76: 53984.632 | D76: 55637.226 | E76: 56226.337 | F76: 56922.487 | G76: 55424.857 | H76: 56790.377 | I76: 57068.306 | J76: 56051.77 | K76: 55901.32 | L76: 55735.217
A77: FJI | B77: Fiji | C77: 11951.92 | D77: 12597.327 | E77: 13100.096 | F77: 13056.331 | G77: 10812.036 | H77: 10322.428 | I77: 12118.318 | J77: 13194.805 | K77: 13592.464 | L77: 13961.118
A78: FRA | B78: France | C78: 50984.075 | D78: 51895.566 | E78: 52560.954 | F78: 53448.555 | G78: 49311.333 | H78: 52517.335 | I78: 53673.814 | J78: 54296.723 | K78: 54799.348 | L78: 55124.539
A79: FRO | B79: Faroe Islands | C79: 64156.324 | D79: 65461.911 | E79: 66192.049 | F79: 68136.662 | G79: 66037.936 | H79: 68433.214 | I79: 70268.45 | J79: 71828.434 | K79: 72113.651
A80: FSM | B80: Micronesia, Fed. Sts. | C80: 3774.0319 | D80: 3838.0453 | E80: 3838.6405 | F80: 3965.0538 | G80: 3861.2932 | H80: 3955.7314 | I80: 3815.7947 | J80: 3841.2712 | K80: 3911.2663 | L80: 3934.6427
A81: GAB | B81: Gabon | C81: 19988.176 | D81: 19555.708 | E81: 19225.598 | F81: 19491.407 | G81: 18681.484 | H81: 18523.58 | I81: 18662.05 | J81: 18701.423 | K81: 18923.662 | L81: 18986.474
A82: GBR | B82: United Kingdom | C82: 51168.293 | D82: 52429.128 | E82: 52983.04 | F82: 53374.093 | G82: 47930.549 | H82: 51840.442 | I82: 53979.768 | J82: 53423.423 | K82: 53412.065 | L82: 53993.117
A83: GEO | B83: Georgia | C83: 15442.956 | D83: 16237.624 | E83: 17228.679 | F83: 18186.882 | G83: 17031.144 | H83: 18915.653 | I83: 20966.528 | J83: 22590.529 | K83: 24146.623 | L83: 25135.782
A84: GHA | B84: Ghana | C84: 5666.078 | D84: 5993.6309 | E84: 6234.5121 | F84: 6508.2465 | G84: 6412.6854 | H84: 6607.503 | I84: 6728.4541 | J84: 6808.5378 | K84: 7072.7988 | L84: 7357.8333
A85: GIB | B85: Gibraltar
A86: GIN | B86: Guinea | C86: 3099.7887 | D86: 3332.7658 | E86: 3455.6451 | F86: 3557.4623 | G86: 3630.9933 | H86: 3738.8051 | I86: 3792.0107 | J86: 3904.824 | K86: 4016.3419 | L86: 4216.8597
A87: GMB | B87: Gambia, The | C87: 2478.4606 | D87: 2533.1868 | E87: 2651.4328 | F87: 2750.8213 | G87: 2702.3192 | H87: 2777.7962 | I87: 2863.1805 | J87: 2963.5987 | K87: 3057.6842 | L87: 3166.6213
A88: GNB | B88: Guinea-Bissau | C88: 2293.3786 | D88: 2342.5611 | E88: 2373.6494 | F88: 2442.2587 | G88: 2456.0114 | H88: 2522.1287 | I88: 2600.8025 | J88: 2660.8144 | K88: 2717.5421 | L88: 2814.0836
A89: GNQ | B89: Equatorial Guinea | C89: 24435.065 | D89: 22250.439 | E89: 20165.48 | F89: 18446.592 | G89: 17089.154 | H89: 16821.449 | I89: 16932.771 | J89: 15302.152 | K89: 14997.756 | L89: 13786.393
A90: GRC | B90: Greece | C90: 31468.62 | D90: 31995.411 | E90: 32722.331 | F90: 33502.751 | G90: 30487.113 | H90: 33528.227 | I90: 35828.176 | J90: 36700.513 | K90: 37474.28 | L90: 38218.722
A91: GRD | B91: Grenada | C91: 15640.827 | D91: 16291.489 | E91: 16964.852 | F91: 17036.915 | G91: 14647.745 | H91: 15290.251 | I91: 16376.427 | J91: 17093.156 | K91: 17484.515 | L91: 18240.993
A92: GRL | B92: Greenland | C92: 66245.729 | D92: 66297.179 | E92: 66887.678 | F92: 68534.942 | G92: 68533.734 | H92: 69302.009 | I92: 70681.225 | J92: 71037.537
A93: GTM | B93: Guatemala | C93: 10872.594 | D93: 11005.459 | E93: 11192.372 | F93: 11466.376 | G93: 11097.15 | H93: 11825.141 | I93: 12144.48 | J93: 12380.372 | K93: 12643.984 | L93: 12986.524
A94: GUM | B94: Guam
A95: GUY | B95: Guyana | C95: 12420.472 | D95: 12801.641 | E95: 12980.358 | F95: 13402.422 | G95: 19234.13 | H95: 22865.927 | I95: 37068.199 | J95: 49312.36 | K95: 70516.703 | L95: 83658.677
A96: HIC | B96: High income | C96: 51760.633 | D96: 52827.427 | E96: 53954.485 | F96: 54801.526 | G96: 52507.017 | H96: 55735.773 | I96: 57194.671 | J96: 57813.424 | K96: 58645.042 | L96: 59555.513
A97: HKG | B97: Hong Kong SAR, China | C97: 63749.429 | D97: 65662.854 | E97: 66993.959 | F97: 65388.337 | G97: 61328.537 | H97: 65884.938 | I97: 64035.648 | J97: 64387.665 | K97: 66186.045 | L97: 68724.557
A98: HND | B98: Honduras | C98: 5926.4903 | D98: 6099.6073 | E98: 6219.2797 | F98: 6264.0188 | G98: 5603.264 | H98: 6202.9808 | I98: 6352.5871 | J98: 6467.88 | K98: 6590.8438 | L98: 6726.1669
A99: HPC | B99: Heavily indebted poor countries (HIPC) | C99: 2956.5909 | D99: 3016.3837 | E99: 3053.4094 | F99: 3094.4104 | G99: 3004.8951 | H99: 3038.7181 | I99: 3095.0404 | J99: 3113.8815 | K99: 3180.1939 | L99: 3276.2143
A100: HRV | B100: Croatia | C100: 30820.805 | D100: 32348.589 | E100: 33729.546 | F100: 35122.797 | G100: 32493.402 | H100: 36930.076 | I100: 39863.911 | J100: 41320.258 | K100: 42828.8 | L100: 44172.044
A101: HTI | B101: Haiti | C101: 3415.5822 | D101: 3453.9714 | E101: 3465.2548 | F101: 3361.7533 | G101: 3210.5361 | H101: 3116.5651 | I101: 3029.7787 | J101: 2939.1238 | K101: 2783.7914 | L101: 2677.8939
A102: HUN | B102: Hungary | C102: 32378.967 | D102: 33828.715 | E102: 35798.041 | F102: 37662.677 | G102: 36119.521 | H102: 38887.191 | I102: 40610.971 | J102: 40333.255 | K102: 40747.199 | L102: 41160.642
A103: IBD | B103: IBRD only | C103: 14147.461 | D103: 14720.506 | E103: 15291.04 | F103: 15754.986 | G103: 15351.793 | H103: 16390.994 | I103: 16933.993 | J103: 17639.886 | K103: 18338.074 | L103: 19028.608
...

Sheet YU
A1: Country Name | B1: Country Code | C1: Indicator Name | D1: 2016 | E1: 2017 | F1: 2018 | G1: 2019 | H1: 2020 | I1: 2021 | J1: 2022 | K1: 2023 | L1: 2024 | M1: 2025
A2: Aruba | B2: ABW | C2: Unemployment, youth total (% of total labor force ages 15-24) (modeled ILO estimate)
A3: Africa Eastern and Southern | B3: AFE | C3: Unemployment, youth total (% of total labor force ages 15-24) (modeled ILO estimate) | D3: 13.725492 | E3: 13.594787 | F3: 13.565834 | G3: 13.839376 | H3: 15.018714 | I3: 14.929679 | J3: 13.938984 | K3: 13.688151 | L3: 13.52593 | M3: 13.440298
A4: Afghanistan | B4: AFG | C4: Unemployment, youth total (% of total labor force ages 15-24) (modeled ILO estimate) | D4: 14.932 | E4: 17.31 | F4: 16.402 | G4: 15.52 | H4: 16.053 | I4: 16.013 | J4: 17.539 | K4: 17.494 | L4: 17.235 | M4: 16.785
A5: Africa Western and Central | B5: AFW | C5: Unemployment, youth total (% of total labor force ages 15-24) (modeled ILO estimate) | D5: 7.704765 | E5: 7.8917311 | F5: 7.925676 | G5: 8.0132674 | H5: 8.6873194 | I5: 7.6464533 | J5: 5.9107512 | K5: 5.5005115 | L5: 5.4743629 | M5: 5.5965985
A6: Angola | B6: AGO | C6: Unemployment, youth total (% of total labor force ages 15-24) (modeled ILO estimate) | D6: 34.483 | E6: 33.725 | F6: 32.855 | G6: 31.832 | H6: 33.076 | I6: 30.171 | J6: 27.143 | K6: 26.834 | L6: 26.74 | M6: 27.229
A7: Albania | B7: ALB | C7: Unemployment, youth total (% of total labor force ages 15-24) (modeled ILO estimate) | D7: 35.918 | E7: 31.184 | F7: 28.109 | G7: 26.942 | H7: 26.422 | I7: 27.089 | J7: 24.543 | K7: 25.41 | L7: 25.582 | M7: 25.567
A8: Andorra | B8: AND | C8: Unemployment, youth total (% of total labor force ages 15-24) (modeled ILO estimate)
A9: Arab World | B9: ARB | C9: Unemployment, youth total (% of total labor force ages 15-24) (modeled ILO estimate) | D9: 28.387389 | E9: 29.11701 | F9: 27.567656 | G9: 26.102281 | H9: 28.096562 | I9: 26.729901 | J9: 24.100074 | K9: 25.313551 | L9: 25.368668 | M9: 25.4879
A10: United Arab Emirates | B10: ARE | C10: Unemployment, youth total (% of total labor force ages 15-24) (modeled ILO estimate) | D10: 5.107 | E10: 7.474 | F10: 6.747 | G10: 7.325 | H10: 13.482 | I10: 9.737 | J10: 9.992 | K10: 6.351 | L10: 6.425 | M10: 6.451
A11: Argentina | B11: ARG | C11: Unemployment, youth total (% of total labor force ages 15-24) (modeled ILO estimate) | D11: 21.799 | E11: 22.843 | F11: 23.845 | G11: 25.842 | H11: 30.429 | I11: 23.373 | J11: 19.004 | K11: 17.946 | L11: 19.228 | M11: 19.188
A12: Armenia | B12: ARM | C12: Unemployment, youth total (% of total labor force ages 15-24) (modeled ILO estimate) | D12: 35.657 | E12: 37.728 | F12: 33.62 | G12: 32.613 | H12: 32.079 | I12: 30.095 | J12: 26.691 | K12: 26.736 | L12: 26.659 | M12: 26.244
A13: American Samoa | B13: ASM | C13: Unemployment, youth total (% of total labor force ages 15-24) (modeled ILO estimate)
A14: Antigua and Barbuda | B14: ATG | C14: Unemployment, youth total (% of total labor force ages 15-24) (modeled ILO estimate)
A15: Australia | B15: AUS | C15: Unemployment, youth total (% of total labor force ages 15-24) (modeled ILO estimate) | D15: 12.642 | E15: 12.592 | F15: 11.935 | G15: 11.452 | H15: 14.142 | I15: 11.134 | J15: 8.468 | K15: 8.388 | L15: 9.408 | M15: 9.61
A16: Austria | B16: AUT | C16: Unemployment, youth total (% of total labor force ages 15-24) (modeled ILO estimate) | D16: 11.424 | E16: 9.971 | F16: 9.572 | G16: 8.767 | H16: 10.325 | I16: 12.023 | J16: 10.327 | K16: 10.98 | L16: 10.428 | M16: 10.998
A17: Azerbaijan | B17: AZE | C17: Unemployment, youth total (% of total labor force ages 15-24) (modeled ILO estimate) | D17: 12.925 | E17: 12.389 | F17: 11.637 | G17: 11.475 | H17: 15.129 | I17: 14.675 | J17: 13.616 | K17: 13.581 | L17: 13.544 | M17: 13.091
A18: Burundi | B18: BDI | C18: Unemployment, youth total (% of total labor force ages 15-24) (modeled ILO estimate) | D18: 2.456 | E18: 2.225 | F18: 1.993 | G18: 1.754 | H18: 1.69 | I18: 1.772 | J18: 1.705 | K18: 1.7 | L18: 1.695 | M18: 1.678
A19: Belgium | B19: BEL | C19: Unemployment, youth total (% of total labor force ages 15-24) (modeled ILO estimate) | D19: 20.108 | E19: 19.236 | F19: 15.748 | G19: 14.236 | H19: 15.326 | I19: 18.206 | J19: 16.41 | K19: 16.119 | L19: 17.343 | M19: 17.777
A20: Benin | B20: BEN | C20: Unemployment, youth total (% of total labor force ages 15-24) (modeled ILO estimate) | D20: 3.237 | E20: 2.981 | F20: 2.621 | G20: 2.302 | H20: 2.96 | I20: 3.242 | J20: 3.13 | K20: 3.09 | L20: 3.089 | M20: 2.887
A21: Burkina Faso | B21: BFA | C21: Unemployment, youth total (% of total labor force ages 15-24) (modeled ILO estimate) | D21: 7.383 | E21: 7.53 | F21: 7.638 | G21: 7.432 | H21: 7.978 | I21: 7.642 | J21: 6.722 | K21: 6.569 | L21: 6.525 | M21: 6.438
A22: Bangladesh | B22: BGD | C22: Unemployment, youth total (% of total labor force ages 15-24) (modeled ILO estimate) | D22: 10.956 | E22: 12.101 | F22: 11.907 | G22: 11.742 | H22: 13.473 | I22: 12.72 | J22: 10.985 | K22: 7.905 | L22: 9.097 | M22: 9.385
A23: Bulgaria | B23: BGR | C23: Unemployment, youth total (% of total labor force ages 15-24) (modeled ILO estimate) | D23: 17.224 | E23: 12.927 | F23: 12.676 | G23: 8.777 | H23: 14.143 | I23: 15.701 | J23: 10.582 | K23: 12.049 | L23: 12.493 | M23: 10.152
A24: Bahrain | B24: BHR | C24: Unemployment, youth total (% of total labor force ages 15-24) (modeled ILO estimate) | D24: 5.527 | E24: 5.593 | F24: 5.633 | G24: 5.657 | H24: 6.389 | I24: 6.043 | J24: 5.33 | K24: 5.381 | L24: 5.469 | M24: 5.416
A25: Bahamas, The | B25: BHS | C25: Unemployment, youth total (% of total labor force ages 15-24) (modeled ILO estimate) | D25: 25.844 | E25: 21.547 | F25: 24.16 | G25: 19.235 | H25: 23.943 | I25: 21.768 | J25: 18.694 | K25: 17.696 | L25: 18.291 | M25: 19.248
A26: Bosnia and Herzegovina | B26: BIH | C26: Unemployment, youth total (% of total labor force ages 15-24) (modeled ILO estimate) | D26: 56.261 | E26: 47.925 | F26: 40.535 | G26: 35.263 | H26: 37.924 | I26: 35.816 | J26: 31.728 | K26: 27.27 | L26: 27.334 | M26: 28.201
... A28: Belize | B28: BLZ | C28: Unemployment, youth total (% of total labor force ages 15-24) (modeled ILO estimate) | D28: 16.547 | E28: 15.686 | F28: 22.006 | G28: 19.934 | H28: 22.367 | I28: 21.819 | J28: 18.422 | K28: 17.833 | L28: 18.553 | M28: 19.321
A29: Bermuda | B29: BMU | C29: Unemployment, youth total (% of total labor force ages 15-24) (modeled ILO estimate)
A30: Bolivia | B30: BOL | C30: Unemployment, youth total (% of total labor force ages 15-24) (modeled ILO estimate) | D30: 6.772 | E30: 6.654 | F30: 6.78 | G30: 6.927 | H30: 15.241 | I30: 8.199 | J30: 6.044 | K30: 4.968 | L30: 5.17 | M30: 5.013
A31: Brazil | B31: BRA | C31: Unemployment, youth total (% of total labor force ages 15-24) (modeled ILO estimate) | D31: 26.596 | E31: 28.593 | F31: 27.958 | G31: 27.098 | H31: 30.267 | I31: 28.311 | J31: 20.732 | K31: 17.938 | L31: 15.674 | M31: 13.981
A32: Barbados | B32: BRB | C32: Unemployment, youth total (% of total labor force ages 15-24) (modeled ILO estimate) | D32: 26.183 | E32: 26.206 | F32: 24.207 | G32: 25.785 | H32: 30.031 | I32: 28.25 | J32: 21.026 | K32: 18.264 | L32: 18.049 | M32: 18.479
A33: Brunei Darussalam | B33: BRN | C33: Unemployment, youth total (% of total labor force ages 15-24) (modeled ILO estimate) | D33: 27.629 | E33: 29.255 | F33: 30.809 | G33: 20.141 | H33: 26.852 | I33: 16.238 | J33: 18.299 | K33: 17.955 | L33: 17.872 | M33: 18.23
A34: Bhutan | B34: BTN | C34: Unemployment, youth total (% of total labor force ages 15-24) (modeled ILO estimate) | D34: 11.614 | E34: 13.355 | F34: 15.199 | G34: 11.56 | H34: 21.989 | I34: 20.609 | J34: 27.177 | K34: 14.939 | L34: 17.934 | M34: 17.052
A35: Botswana | B35: BWA | C35: Unemployment, youth total (% of total labor force ages 15-24) (modeled ILO estimate) | D35: 34.851 | E35: 34.872 | F35: 34.404 | G35: 34.588 | H35: 40.436 | I35: 43.355 | J35: 42.611 | K35: 44.361 | L35: 45.296 | M35: 46.004
A36: Central African Republic | B36: CAF | C36: Unemployment, youth total (% of total labor force ages 15-24) (modeled ILO estimate) | D36: 9.746 | E36: 9.726 | F36: 9.574 | G36: 9.637 | H36: 10.863 | I36: 10.831 | J36: 10.078 | K36: 9.861 | L36: 9.991 | M36: 10.086
A37: Canada | B37: CAN | C37: Unemployment, youth total (% of total labor force ages 15-24) (modeled ILO estimate) | D37: 12.597 | E37: 11.236 | F37: 10.709 | G37: 10.744 | H37: 20.125 | I37: 13.557 | J37: 10.082 | K37: 10.806 | L37: 13.276 | M37: 13.8
A38: Central Europe and the Baltics | B38: CEB | C38: Unemployment, youth total (% of total labor force ages 15-24) (modeled ILO estimate) | D38: 17.711384 | E38: 15.009178 | F38: 12.663909 | G38: 11.677464 | H38: 13.636387 | I38: 14.859426 | J38: 13.676816 | K38: 14.160108 | L38: 14.631738 | M38: 14.539469
A39: Switzerland | B39: CHE | C39: Unemployment, youth total (% of total labor force ages 15-24) (modeled ILO estimate) | D39: 8.579 | E39: 8.059 | F39: 7.937 | G39: 7.993 | H39: 8.603 | I39: 8.315 | J39: 6.835 | K39: 7.865 | L39: 8.238 | M39: 9.041
A40: Channel Islands | B40: CHI | C40: Unemployment, youth total (% of total labor force ages 15-24) (modeled ILO estimate) | D40: 17.624 | E40: 15.811 | F40: 14.013 | G40: 13.75 | H40: 15.857 | I40: 15.619 | J40: 13.183 | K40: 13.382 | L40: 13.699 | M40: 14.126
A41: Chile | B41: CHL | C41: Unemployment, youth total (% of total labor force ages 15-24) (modeled ILO estimate) | D41: 15.799 | E41: 17.732 | F41: 18.138 | G41: 18.953 | H41: 24.377 | I41: 20.477 | J41: 18.287 | K41: 21.973 | L41: 20.988 | M41: 21.635
... A52: Cuba | B52: CUB | C52: Unemployment, youth total (% of total labor force ages 15-24) (modeled ILO estimate) | D52: 4.964 | E52: 4.29 | F52: 4.237 | G52: 4.249 | H52: 5.172 | I52: 4.91 | J52: 4.336 | K52: 4.247 | L52: 4.283 | M52: 4.277
A53: Curacao | B53: CUW | C53: Unemployment, youth total (% of total labor force ages 15-24) (modeled ILO estimate)
A54: Cayman Islands | B54: CYM | C54: Unemployment, youth total (% of total labor force ages 15-24) (modeled ILO estimate)
A55: Cyprus | B55: CYP | C55: Unemployment, youth total (% of total labor force ages 15-24) (modeled ILO estimate) | D55: 28.902 | E55: 25.013 | F55: 20.654 | G55: 16.856 | H55: 18.491 | I55: 17.173 | J55: 18.707 | K55: 16.22 | L55: 12.857 | M55: 12.709
A56: Czechia | B56: CZE | C56: Unemployment, youth total (% of total labor force ages 15-24) (modeled ILO estimate) | D56: 10.488 | E56: 7.936 | F56: 6.714 | G56: 5.615 | H56: 7.936 | I56: 8.134 | J56: 6.72 | K56: 8.507 | L56: 9.2 | M56: 9.219
A57: Germany | B57: DEU | C57: Unemployment, youth total (% of total labor force ages 15-24) (modeled ILO estimate) | D57: 7.079 | E57: 6.77 | F57: 6.22 | G57: 5.859 | H57: 7.862 | I57: 6.665 | J57: 6.049 | K57: 6.02 | L57: 6.604 | M57: 6.862
A58: Djibouti | B58: DJI | C58: Unemployment, youth total (% of total labor force ages 15-24) (modeled ILO estimate) | D58: 73.014 | E58: 73.951 | F58: 74.98 | G58: 75.906 | H58: 81.882 | I58: 79.377 | J58: 76.609 | K58: 76.393 | L58: 76.494 | M58: 76.766
A59: Dominica | B59: DMA | C59: Unemployment, youth total (% of total labor force ages 15-24) (modeled ILO estimate)
A60: Denmark | B60: DNK | C60: Unemployment, youth total (% of total labor force ages 15-24) (modeled ILO estimate) | D60: 12.147 | E60: 12.384 | F60: 10.52 | G60: 10.041 | H60: 11.634 | I60: 10.8 | J60: 10.533 | K60: 11.499 | L60: 11.786 | M60: 11.737
A61: Dominican Republic | B61: DOM | C61: Unemployment, youth total (% of total labor force ages 15-24) (modeled ILO estimate) | D61: 16.738 | E61: 13.441 | F61: 14.847 | G61: 15.835 | H61: 14.766 | I61: 16.874 | J61: 12.852 | K61: 11.559 | L61: 12.872 | M61: 12.312
A62: Algeria | B62: DZA | C62: Unemployment, youth total (% of total labor force ages 15-24) (modeled ILO estimate) | D62: 26.228 | E62: 30.295 | F62: 30.709 | G62: 31.202 | H62: 35.767 | I62: 33.828 | J62: 31.359 | K62: 29.995 | L62: 29.884 | M62: 29.444
A63: East Asia & Pacific (excluding high income) | B63: EAP | C63: Unemployment, youth total (% of total labor force ages 15-24) (modeled ILO estimate) | D63: 10.32147 | E63: 10.075557 | F63: 9.6659117 | G63: 9.8618516 | H63: 11.454241 | I63: 11.537268 | J63: 12.605181 | K63: 12.949756 | L63: 12.666798 | M63: 13.074428
A64: Early-demographic dividend | B64: EAR | C64: Unemployment, youth total (% of total labor force ages 15-24) (modeled ILO estimate) | D64: 19.394395 | E64: 19.602311 | F64: 19.718099 | G64: 18.302352 | H64: 19.854295 | I64: 18.046674 | J64: 15.894462 | K64: 14.525279 | L64: 14.66797 | M64: 14.821231
A65: East Asia & Pacific | B65: EAS | C65: Unemployment, youth total (% of total labor force ages 15-24) (modeled ILO estimate) | D65: 10.172371 | E65: 9.9138633 | F65: 9.4925983 | G65: 9.6649439 | H65: 11.211119 | I65: 11.201582 | J65: 12.107877 | K65: 12.395559 | L65: 12.16661 | M65: 12.549196
A66: Europe & Central Asia (excluding high income) | B66: ECA | C66: Unemployment, youth total (% of total labor force ages 15-24) (modeled ILO estimate) | D66: 17.437078 | E66: 17.186849 | F66: 16.562517 | G66: 17.960194 | H66: 18.98038 | I66: 17.833081 | J66: 15.492553 | K66: 14.400434 | L66: 13.837666 | M66: 13.715746
A67: Europe & Central Asia | B67: ECS | C67: Unemployment, youth total (% of total labor force ages 15-24) (modeled ILO estimate) | D67: 19.112659 | E67: 17.901506 | F67: 16.830999 | G67: 16.46851 | H67: 18.167366 | I67: 17.526942 | J67: 15.245263 | K67: 14.51487 | L67: 14.115946 | M67: 13.988075
A68: Ecuador | B68: ECU | C68: Unemployment, youth total (% of total labor force ages 15-24) (modeled ILO estimate) | D68: 10.349 | E68: 8.465 | F68: 7.956 | G68: 8.733 | H68: 11.068 | I68: 9.136 | J68: 8.298 | K68: 7.782 | L68: 8.574 | M68: 8.16
A69: Egypt, Arab Rep. | B69: EGY | C69: Unemployment, youth total (% of total labor force ages 15-24) (modeled ILO estimate) | D69: 33.655 | E69: 32.644 | F69: 26.252 | G69: 20.631 | H69: 18.463 | I69: 18.21 | J69: 16.342 | K69: 17.153 | L69: 17.291 | M69: 18.293
A70: Euro area | B70: EMU | C70: Unemployment, youth total (% of total labor force ages 15-24) (modeled ILO estimate) | D70: 23.955889 | E70: 21.572186 | F70: 19.577223 | G70: 18.193735 | H70: 20.352019 | I70: 19.664218 | J70: 16.936749 | K70: 16.642224 | L70: 16.428576 | M70: 16.342033
A71: Eritrea | B71: ERI | C71: Unemployment, youth total (% of total labor force ages 15-24) (modeled ILO estimate) | D71: 9.998 | E71: 9.989 | F71: 9.802 | G71: 9.845 | H71: 11.1 | I71: 10.976 | J71: 10.186 | K71: 9.965 | L71: 10.056 | M71: 10.241
... A78: France | B78: FRA | C78: Unemployment, youth total (% of total labor force ages 15-24) (modeled ILO estimate) | D78: 24.938 | E78: 22.572 | F78: 20.953 | G78: 19.929 | H78: 20.398 | I78: 19.252 | J78: 17.856 | K78: 17.419 | L78: 18.603 | M78: 18.89
A79: Faroe Islands | B79: FRO | C79: Unemployment, youth total (% of total labor force ages 15-24) (modeled ILO estimate)
A80: Micronesia, Fed. Sts. | B80: FSM | C80: Unemployment, youth total (% of total labor force ages 15-24) (modeled ILO estimate)
A81: Gabon | B81: GAB | C81: Unemployment, youth total (% of total labor force ages 15-24) (modeled ILO estimate) | D81: 36.191 | E81: 36.532 | F81: 36.804 | G81: 36.711 | H81: 39.702 | I81: 38.244 | J81: 36.64 | K81: 36.407 | L81: 36.283 | M81: 36.281
A82: United Kingdom | B82: GBR | C82: Unemployment, youth total (% of total labor force ages 15-24) (modeled ILO estimate) | D82: 13.205 | E82: 12.519 | F82: 11.647 | G82: 10.688 | H82: 13.365 | I82: 12.891 | J82: 10.589 | K82: 11.944 | L82: 14.316 | M82: 14.647
A83: Georgia | B83: GEO | C83: Unemployment, youth total (% of total labor force ages 15-24) (modeled ILO estimate) | D83: 35.019 | E83: 28.687 | F83: 29.691 | G83: 30.059 | H83: 30.851 | I83: 30.603 | J83: 30.136 | K83: 29.931 | L83: 29.863 | M83: 30.258
A84: Ghana | B84: GHA | C84: Unemployment, youth total (% of total labor force ages 15-24) (modeled ILO estimate) | D84: 10.616 | E84: 6.375 | F84: 6.107 | G84: 5.875 | H84: 6.319 | I84: 5.985 | J84: 5.402 | K84: 5.352 | L84: 5.347 | M84: 5.826
A85: Gibraltar | B85: GIB | C85: Unemployment, youth total (% of total labor force ages 15-24) (modeled ILO estimate)
A86: Guinea | B86: GIN | C86: Unemployment, youth total (% of total labor force ages 15-24) (modeled ILO estimate) | D86: 6.35 | E86: 6.436 | F86: 6.616 | G86: 6.988 | H86: 8.414 | I86: 7.976 | J86: 7.095 | K86: 7.071 | L86: 7.068 | M86: 7.017
A87: Gambia, The | B87: GMB | C87: Unemployment, youth total (% of total labor force ages 15-24) (modeled ILO estimate) | D87: 9.815 | E87: 8.415 | F87: 7.15 | G87: 7.809 | H87: 10.14 | I87: 10.444 | J87: 10.163 | K87: 10.811 | L87: 10.83 | M87: 10.863
A88: Guinea-Bissau | B88: GNB | C88: Unemployment, youth total (% of total labor force ages 15-24) (modeled ILO estimate) | D88: 3.867 | E88: 3.835 | F88: 3.868 | G88: 2.063 | H88: 2.733 | I88: 2.941 | J88: 2.835 | K88: 2.817 | L88: 2.826 | M88: 2.844
A89: Equatorial Guinea | B89: GNQ | C89: Unemployment, youth total (% of total labor force ages 15-24) (modeled ILO estimate) | D89: 15.377 | E89: 15.389 | F89: 15.14 | G89: 15.221 | H89: 17.393 | I89: 16.976 | J89: 15.81 | K89: 15.457 | L89: 15.556 | M89: 15.736
A90: Greece | B90: GRC | C90: Unemployment, youth total (% of total labor force ages 15-24) (modeled ILO estimate) | D90: 47.223 | E90: 43.392 | F90: 40.011 | G90: 34.754 | H90: 33.74 | I90: 35.39 | J90: 31.29 | K90: 26.543 | L90: 22.375 | M90: 21.389
A91: Grenada | B91: GRD | C91: Unemployment, youth total (% of total labor force ages 15-24) (modeled ILO estimate)
A92: Greenland | B92: GRL | C92: Unemployment, youth total (% of total labor force ages 15-24) (modeled ILO estimate)
A93: Guatemala | B93: GTM | C93: Unemployment, youth total (% of total labor force ages 15-24) (modeled ILO estimate) | D93: 5.582 | E93: 4.939 | F93: 4.679 | G93: 4.461 | H93: 5.157 | I93: 3.789 | J93: 6.274 | K93: 4.326 | L93: 4.624 | M93: 4.764
A94: Guam | B94: GUM | C94: Unemployment, youth total (% of total labor force ages 15-24) (modeled ILO estimate) | D94: 12.889 | E94: 12.999 | F94: 13.125 | G94: 13.131 | H94: 15.401 | I94: 14.353 | J94: 13.032 | K94: 12.852 | L94: 12.876 | M94: 13.813
A95: Guyana | B95: GUY | C95: Unemployment, youth total (% of total labor force ages 15-24) (modeled ILO estimate) | D95: 24.598 | E95: 24.956 | F95: 25.254 | G95: 26.304 | H95: 30.998 | I95: 29.122 | J95: 24.566 | K95: 24.705 | L95: 24.742 | M95: 24.896
A96: High income | B96: HIC | C96: Unemployment, youth total (% of total labor force ages 15-24) (modeled ILO estimate) | D96: 15.059752 | E96: 14.092446 | F96: 13.173241 | G96: 12.489379 | H96: 16.074962 | I96: 13.670372 | J96: 11.766505 | K96: 11.330669 | L96: 11.497863 | M96: 11.541359
A97: Hong Kong SAR, China | B97: HKG | C97: Unemployment, youth total (% of total labor force ages 15-24) (modeled ILO estimate) | D97: 9.728 | E97: 8.531 | F97: 8.731 | G97: 8.527 | H97: 15.533 | I97: 12.79 | J97: 11.03 | K97: 8.973 | L97: 9.507 | M97: 8.958
A98: Honduras | B98: HND | C98: Unemployment, youth total (% of total labor force ages 15-24) (modeled ILO estimate) | D98: 12.58 | E98: 10.746 | F98: 10.49 | G98: 10.774 | H98: 17.065 | I98: 14.269 | J98: 13.571 | K98: 10.478 | L98: 8.301 | M98: 8.526
A99: Heavily indebted poor countries (HIPC) | B99: HPC | C99: Unemployment, youth total (% of total labor force ages 15-24) (modeled ILO estimate) | D99: 8.4148509 | E99: 8.4146385 | F99: 8.2752915 | G99: 8.192399 | H99: 9.3611319 | I99: 8.9253202 | J99: 8.0978138 | K99: 7.6964955 | L99: 7.6235234 | M99: 7.5819535
A100: Croatia | B100: HRV | C100: Unemployment, youth total (% of total labor force ages 15-24) (modeled ILO estimate) | D100: 30.949 | E100: 27.425 | F100: 23.509 | G100: 16.71 | H100: 20.673 | I100: 21.542 | J100: 17.744 | K100: 18.91 | L100: 16.479 | M100: 16.474
A101: Haiti | B101: HTI | C101: Unemployment, youth total (% of total labor force ages 15-24) (modeled ILO estimate) | D101: 34.536 | E101: 34.752 | F101: 34.896 | G101: 35.247 | H101: 39.534 | I101: 37.806 | J101: 36.326 | K101: 36.326 | L101: 36.758 | M101: 37.518
A102: Hungary | B102: HUN | C102: Unemployment, youth total (% of total labor force ages 15-24) (modeled ILO estimate) | D102: 12.923 | E102: 10.699 | F102: 10.115 | G102: 11.472 | H102: 12.882 | I102: 13.549 | J102: 10.541 | K102: 12.779 | L102: 15.088 | M102: 14.205
A103: IBRD only | B103: IBD | C103: Unemployment, youth total (% of total labor force ages 15-24) (modeled ILO estimate) | D103: 19.216679 | E103: 19.332786 | F103: 19.228221 | G103: 18.242683 | H103: 20.057384 | I103: 18.359354 | J103: 16.830587 | K103: 15.880762 | L103: 15.6892 | M103: 15.870616
A104: IDA & IBRD total | B104: IBT | C104: Unemployment, youth total (% of total labor force ages 15-24) (modeled ILO estimate) | D104: 16.254901 | E104: 16.415508 | F104: 16.335041 | G104: 15.692174 | H104: 17.303533 | I104: 16.01269 | J104: 14.528016 | K104: 13.708988 | L104: 13.567558 | M104: 13.672862
... A108: IDA only | B108: IDX | C108: Unemployment, youth total (% of total labor force ages 15-24) (modeled ILO estimate) | D108: 10.461292 | E108: 10.54815 | F108: 10.357818 | G108: 10.273648 | H108: 11.788241 | I108: 11.625936 | J108: 10.476055 | K108: 9.8151303 | L108: 9.8232522 | M108: 9.8293837
A109: Isle of Man | B109: IMN | C109: Unemployment, youth total (% of total labor force ages 15-24) (modeled ILO estimate)
A110: India | B110: IND | C110: Unemployment, youth total (% of total labor force ages 15-24) (modeled ILO estimate) | D110: 25.23 | E110: 25.591 | F110: 26.003 | G110: 22.947 | H110: 24.666 | I110: 20.824 | J110: 17.732 | K110: 15.595 | L110: 15.746 | M110: 16.022
A111: Not classified | B111: INX | C111: Unemployment, youth total (% of total labor force ages 15-24) (modeled ILO estimate)
A112: Ireland | B112: IRL | C112: Unemployment, youth total (% of total labor force ages 15-24) (modeled ILO estimate) | D112: 16.797 | E112: 14.402 | F112: 13.756 | G112: 12.457 | H112: 15.263 | I112: 15.612 | J112: 9.389 | K112: 10.161 | L112: 10.439 | M112: 10.493
A113: Iran, Islamic Rep. | B113: IRN | C113: Unemployment, youth total (% of total labor force ages 15-24) (modeled ILO estimate) | D113: 29.087 | E113: 28.208 | F113: 27.502 | G113: 25.948 | H113: 23.712 | I113: 23.752 | J113: 22.686 | K113: 21.265 | L113: 21.307 | M113: 21.9
A114: Iraq | B114: IRQ | C114: Unemployment, youth total (% of total labor force ages 15-24) (modeled ILO estimate) | D114: 22.446 | E114: 25.276 | F114: 27.338 | G114: 29.75 | H114: 34.45 | I114: 35.653 | J114: 31.791 | K114: 31.514 | L114: 31.726 | M114: 32.012
A115: Iceland | B115: ISL | C115: Unemployment, youth total (% of total labor force ages 15-24) (modeled ILO estimate) | D115: 6.317 | E115: 7.544 | F115: 5.902 | G115: 8.449 | H115: 9.872 | I115: 11.831 | J115: 8.421 | K115: 8.488 | L115: 8.78 | M115: 8.671
A116: Israel | B116: ISR | C116: Unemployment, youth total (% of total labor force ages 15-24) (modeled ILO estimate) | D116: 8.514 | E116: 7.151 | F116: 7.025 | G116: 6.525 | H116: 7.645 | I116: 7.649 | J116: 6.719 | K116: 5.873 | L116: 6.163 | M116: 6.032
A117: Italy | B117: ITA | C117: Unemployment, youth total (% of total labor force ages 15-24) (modeled ILO estimate) | D117: 37.758 | E117: 34.726 | F117: 32.185 | G117: 29.102 | H117: 29.629 | I117: 29.665 | J117: 23.704 | K117: 22.727 | L117: 20.246 | M117: 20.545
A118: Jamaica | B118: JAM | C118: Unemployment, youth total (% of total labor force ages 15-24) (modeled ILO estimate) | D118: 24.661 | E118: 21.686 | F118: 18.064 | G118: 15.96 | H118: 20.087 | I118: 16.837 | J118: 13.117 | K118: 9.992 | L118: 10.383 | M118: 10.809
A119: Jordan | B119: JOR | C119: Unemployment, youth total (% of total labor force ages 15-24) (modeled ILO estimate) | D119: 35.61 | E119: 35.438 | F119: 38.941 | G119: 37.205 | H119: 42.458 | I119: 43.862 | J119: 42.028 | K119: 38.837 | L119: 39.053 | M119: 38.876
A120: Japan | B120: JPN | C120: Unemployment, youth total (% of total labor force ages 15-24) (modeled ILO estimate) | D120: 5.12 | E120: 4.611 | F120: 3.668 | G120: 3.938 | H120: 4.679 | I120: 4.707 | J120: 4.434 | K120: 4.116 | L120: 3.93 | M120: 3.898
...

Sheet POP
A1: Data Source | B1: World Development Indicators
A2: Last Updated Date | B2: 46216
A4: Country Name | B4: Country Code | C4: Indicator Name | D4: 2016 | E4: 2017 | F4: 2018 | G4: 2019 | H4: 2020 | I4: 2021 | J4: 2022 | K4: 2023 | L4: 2024 | M4: 2025
A5: Aruba | B5: ABW | C5: Population ages 15-64, total | D5: 74904 | E5: 74413 | F5: 74029 | G5: 73736 | H5: 72936 | I5: 72127 | J5: 71635 | K5: 71335 | L5: 71383 | M5: 71494
A6: Africa Eastern and Southern | B6: AFE | C6: Population ages 15-64, total | D6: 339468543 | E6: 349952708 | F6: 361339357 | G6: 372963801 | H6: 384904376 | I6: 397031637 | J6: 409197442 | K6: 421361159 | L6: 433621343 | M6: 446435808
A7: Afghanistan | B7: AFG | C7: Population ages 15-64, total | D7: 17989857 | E7: 18656626 | F7: 19353761 | G7: 20081542 | H7: 20864851 | I7: 21495952 | J7: 21938957 | K7: 22549839 | L7: 23333093 | M7: 24120179
A8: Africa Western and Central | B8: AFW | C8: Population ages 15-64, total | D8: 228082797 | E8: 235027948 | F8: 242104005 | G8: 249283206 | H8: 256747586 | I8: 264518911 | J8: 272504904 | K8: 281039233 | L8: 289941374 | M8: 298818108
A9: Angola | B9: AGO | C9: Population ages 15-64, total | D9: 15184647 | E9: 15741446 | F9: 16308860 | G9: 16893364 | H9: 17479836 | I9: 18076361 | J9: 18697266 | K9: 19336436 | L9: 20002446 | M9: 20693794
A10: Albania | B10: ALB | C10: Population ages 15-64, total | D10: 1841574 | E10: 1811725 | F10: 1779914 | G10: 1746300 | H10: 1712060 | I10: 1677267 | J10: 1642625 | K10: 1607515 | L10: 1574525 | M10: 1545359
A11: Andorra | B11: AND | C11: Population ages 15-64, total | D11: 51890 | E11: 53144 | F11: 54337 | G11: 55411 | H11: 56010 | I11: 56705 | J11: 57686 | K11: 58486 | L11: 59134 | M11: 59541
A12: Arab World | B12: ARB | C12: Population ages 15-64, total | D12: 259948218 | E12: 265154282 | F12: 269777484 | G12: 275101711 | H12: 281455424 | I12: 286266742 | J12: 294283776 | K12: 302530294 | L12: 310517699 | M12: 318560634
A13: United Arab Emirates | B13: ARE | C13: Population ages 15-64, total | D13: 7300309 | E13: 7540665 | F13: 7644643 | G13: 7728787 | H13: 7695346 | I13: 7839407 | J13: 8249860 | K13: 8593051 | L13: 9022258 | M13: 9467296
A14: Argentina | B14: ARG | C14: Population ages 15-64, total | D14: 28132899 | E14: 28395268 | F14: 28651937 | G14: 28904522 | H14: 29152195 | I14: 29381676 | J14: 29612843 | K14: 29876069 | L14: 30150350 | M14: 30422322
A15: Armenia | B15: ARM | C15: Population ages 15-64, total | D15: 2050742 | E15: 2029303 | F15: 2014073 | G15: 2004252 | H15: 1998643 | I15: 1995138 | J15: 1995964 | K15: 1993303 | L15: 2034270 | M15: 2054803
A16: American Samoa | B16: ASM | C16: Population ages 15-64, total | D16: 33011 | E16: 32681 | F16: 32331 | G16: 31953 | H16: 31828 | I16: 31722 | J16: 31340 | K16: 30859 | L16: 30373 | M16: 29971
... A113: India | B113: IND | C113: Population ages 15-64, total | D113: 886641930 | E113: 901825708 | F113: 916251300 | G113: 929875277 | H113: 943088901 | I113: 955281267 | J113: 966626467 | K113: 978190678 | L113: 989967399 | M113: 1001696269
A114: Not classified | B114: INX | C114: Population ages 15-64, total
A115: Ireland | B115: IRL | C115: Population ages 15-64, total | D115: 3117425 | E115: 3156397 | F115: 3200720 | G115: 3251795 | H115: 3292799 | I115: 3339274 | J115: 3408271 | K115: 3475937 | L115: 3537072 | M115: 3603008
A116: Iran, Islamic Rep. | B116: IRN | C116: Population ages 15-64, total | D116: 58653653 | E116: 59181768 | F116: 59663966 | G116: 60127389 | H116: 60526092 | I116: 61073582 | J116: 61905803 | K116: 62742120 | L116: 63475136 | M116: 64135210
A117: Iraq | B117: IRQ | C117: Population ages 15-64, total | D117: 21865053 | E117: 22470795 | F117: 23127004 | G117: 23797416 | H117: 24488669 | I117: 25221090 | J117: 26008388 | K117: 26824423 | L117: 27627172 | M117: 28458766
A118: Iceland | B118: ISL | C118: Population ages 15-64, total | D118: 222029 | E118: 228097 | F118: 235266 | G118: 240957 | H118: 244460 | I118: 247754 | J118: 254073 | K118: 256835 | L118: 257381 | M118: 260968
A119: Israel | B119: ISR | C119: Population ages 15-64, total | D119: 5169199 | E119: 5250514 | F119: 5338168 | G119: 5431498 | H119: 5521012 | I119: 5609567 | J119: 5724315 | K119: 5906413 | L119: 6005125 | M119: 6088301
A120: Italy | B120: ITA | C120: Population ages 15-64, total | D120: 38555229 | E120: 38430960 | F120: 38307226 | G120: 38150120 | H120: 37918891 | I120: 37681637 | J120: 37580511 | K120: 37535657 | L120: 37424897 | M120: 37261028
A121: Jamaica | B121: JAM | C121: Population ages 15-64, total | D121: 1985195 | E121: 2001788 | F121: 2017091 | G121: 2030608 | H121: 2046447 | I121: 2061294 | J121: 2069255 | K121: 2073149 | L121: 2075097 | M121: 2074923
A122: Jordan | B122: JOR | C122: Population ages 15-64, total | D122: 6216745 | E122: 6382875 | F122: 6553683 | G122: 6716939 | H122: 6873279 | I122: 7038442 | J122: 7204554 | K122: 7372741 | L122: 7487234 | M122: 7494228
A123: Japan | B123: JPN | C123: Population ages 15-64, total | D123: 75946619 | E123: 75439583 | F123: 75025904 | G123: 74719384 | H123: 74318579 | I123: 73818755 | J123: 73496437 | K123: 73201968 | L123: 72876601 | M123: 72499552
A124: Kazakhstan | B124: KAZ | C124: Population ages 15-64, total | D124: 11921948 | E124: 12001387 | F124: 12095768 | G124: 12199208 | H124: 12301140 | I124: 12387379 | J124: 12499203 | K124: 12635718 | L124: 12761934 | M124: 12893926
A125: Kenya | B125: KEN | C125: Population ages 15-64, total | D125: 26948413 | E125: 27770185 | F125: 28569551 | G125: 29382342 | H125: 30247731 | I125: 31129981 | J125: 32044126 | K125: 33003939 | L125: 33971376 | M125: 34934452
A126: Kyrgyz Republic | B126: KGZ | C126: Population ages 15-64, total | D126: 3882299 | E126: 3954332 | F126: 4028758 | G126: 4100233 | H126: 4168894 | I126: 4239665 | J126: 4316165 | K126: 4394837 | L126: 4475861 | M126: 4561968
... A269: Zimbabwe | B269: ZWE | C269: Population ages 15-64, total | D269: 7752608 | E269: 7899470 | F269: 8060640 | G269: 8234856 | H269: 8420934 | I269: 8614234 | J269: 8802666 | K269: 8996994 | L269: 9236166 | M269: 9518709

Sheet Sheet5
A1: Year | B1: Domicile_named_country | C1: Applicants | D1: Accepted_applicants | E1: Acceptance_rate | F1: Applicants_with_no_applications
A2: 2016 | B2: England | C2: 488030 | D2: 394295 | E2: 0.808 | F2: 3450
A3: 2017 | B3: England | C3: 472190 | D3: 391370 | E3: 0.8290000000000001 | F3: 3100
A4: 2018 | B4: England | C4: 463865 | D4: 388025 | E4: 0.837 | F4: 2615
A5: 2019 | B5: England | C5: 470175 | D5: 394875 | E5: 0.84 | F5: 2770
A6: 2020 | B6: England | C6: 479895 | D6: 411755 | E6: 0.858 | F6: 3935
A7: 2021 | B7: England | C7: 504460 | D7: 417380 | E7: 0.8270000000000001 | F7: 2250
A8: 2022 | B8: England | C8: 517060 | D8: 418085 | E8: 0.809 | F8: 3175
A9: 2023 | B9: England | C9: 511065 | D9: 414025 | E9: 0.81 | F9: 3275
A10: 2024 | B10: England | C10: 513620 | D10: 423820 | E10: 0.8250000000000001 | F10: 3405
A11: 2025 | B11: England | C11: 515195 | D11: 431515 | E11: 0.838 | F11: 3625
A12: 2016 | B12: Northern Ireland | C12: 21260 | D12: 14800 | E12: 0.6960000000000001 | F12: 50
A13: 2017 | B13: Northern Ireland | C13: 20510 | D13: 14375 | E13: 0.7010000000000001 | F13: 40
... A77: 2021 | B77: Cyprus (Not otherwise specified) | C77: 45 | D77: 35 | E77: 0.791 | F77: 0
A78: 2022 | B78: Cyprus (Not otherwise specified) | C78: 5 | D78: 5 | F78: 0
A79: 2023 | B79: Cyprus (Not otherwise specified) | C79: 20 | D79: 10 | E79: 0.611 | F79: 0
A80: 2024 | B80: Cyprus (Not otherwise specified) | C80: 20 | D80: 15 | E80: 0.789 | F80: 0
A81: 2025 | B81: Cyprus (Not otherwise specified) | C81: 25 | D81: 20 | E81: 0.87 | F81: 0
A82: 2016 | B82: Denmark | C82: 520 | D82: 285 | E82: 0.547 | F82: 0
A83: 2017 | B83: Denmark | C83: 545 | D83: 275 | E83: 0.506 | F83: 0
A84: 2018 | B84: Denmark | C84: 550 | D84: 285 | E84: 0.516 | F84: 0
A85: 2019 | B85: Denmark | C85: 530 | D85: 285 | E85: 0.537 | F85: 0
A86: 2020 | B86: Denmark | C86: 470 | D86: 250 | E86: 0.53 | F86: 0
A87: 2021 | B87: Denmark | C87: 235 | D87: 95 | E87: 0.405 | F87: 0
A88: 2022 | B88: Denmark | C88: 215 | D88: 85 | E88: 0.402 | F88: 0
A89: 2023 | B89: Denmark | C89: 170 | D89: 60 | E89: 0.361 | F89: 0
A90: 2024 | B90: Denmark | C90: 155 | D90: 65 | E90: 0.40900000000000003 | F90: 0
... A241: 2025 | B241: Sweden | C241: 390 | D241: 160 | E241: 0.40700000000000003 | F241: 5
A242: 2017 | B242: French Guiana | C242: 5 | D242: 5 | F242: 0
A243: 2019 | B243: French Guiana | C243: 5 | D243: 0 | F243: 0
A244: 2020 | B244: French Guiana | C244: 5 | D244: 5 | F244: 0
A245: 2016 | B245: French West Indies (Not In Use) | C245: 5 | D245: 5 | F245: 0
A246: 2019 | B246: French West Indies (Not In Use) | C246: 5 | D246: 0 | F246: 0
A247: 2016 | B247: Reunion | C247: 10 | D247: 5 | F247: 0
A248: 2017 | B248: Reunion | C248: 10 | D248: 10 | F248: 0
A249: 2018 | B249: Reunion | C249: 15 | D249: 5 | F249: 0
A250: 2019 | B250: Reunion | C250: 20 | D250: 5 | F250: 0
A251: 2020 | B251: Reunion | C251: 10 | D251: 5 | F251: 0
A252: 2021 | B252: Reunion | C252: 5 | D252: 0 | F252: 0
A253: 2022 | B253: Reunion | C253: 10 | D253: 5 | F253: 0
... A256: 2025 | B256: Reunion | C256: 10 | D256: 5 | F256: 0
A257: 2016 | B257: Estonia | C257: 470 | D257: 295 | E257: 0.627 | F257: 0
A258: 2017 | B258: Estonia | C258: 410 | D258: 245 | E258: 0.603 | F258: 0
A259: 2018 | B259: Estonia | C259: 395 | D259: 225 | E259: 0.578 | F259: 0
A260: 2019 | B260: Estonia | C260: 410 | D260: 245 | E260: 0.598 | F260: 0
A261: 2020 | B261: Estonia | C261: 400 | D261: 210 | E261: 0.533 | F261: 0
A262: 2021 | B262: Estonia | C262: 140 | D262: 55 | E262: 0.373 | F262: 0
A263: 2022 | B263: Estonia | C263: 105 | D263: 45 | E263: 0.419 | F263: 0
A264: 2023 | B264: Estonia | C264: 95 | D264: 30 | E264: 0.309 | F264: 0
A265: 2024 | B265: Estonia | C265: 85 | D265: 35 | E265: 0.434 | F265: 0
A266: 2025 | B266: Estonia | C266: 85 | D266: 40 | E266: 0.464 | F266: 0
A267: 2016 | B267: Latvia | C267: 590 | D267: 375 | E267: 0.636 | F267: 0
A268: 2017 | B268: Latvia | C268: 590 | D268: 385 | E268: 0.653 | F268: 0
... A326: 2025 | B326: Slovakia | C326: 160 | D326: 55 | E326: 0.358 | F326: 0
A327: 2016 | B327: Aland Islands | C327: 5 | D327: 0 | F327: 0
A328: 2019 | B328: Aland Islands | C328: 5 | D328: 0 | F328: 0
A329: 2020 | B329: Aland Islands | C329: 5 | D329: 0 | F329: 0
A330: 2016 | B330: Canary Islands | C330: 90 | D330: 70 | E330: 0.784 | F330: 0
A331: 2017 | B331: Canary Islands | C331: 75 | D331: 50 | E331: 0.712 | F331: 0
A332: 2018 | B332: Canary Islands | C332: 80 | D332: 60 | E332: 0.747 | F332: 0
A333: 2019 | B333: Canary Islands | C333: 120 | D333: 100 | E333: 0.8200000000000001 | F333: 0
A334: 2020 | B334: Canary Islands | C334: 100 | D334: 80 | E334: 0.806 | F334: 0
A335: 2021 | B335: Canary Islands | C335: 55 | D335: 25 | E335: 0.456 | F335: 0
A336: 2022 | B336: Canary Islands | C336: 35 | D336: 20 | E336: 0.647 | F336: 0
A337: 2023 | B337: Canary Islands | C337: 35 | D337: 20 | E337: 0.647 | F337: 0
A338: 2024 | B338: Canary Islands | C338: 45 | D338: 25 | E338: 0.511 | F338: 0
A339: 2025 | B339: Canary Islands | C339: 20 | D339: 15 | E339: 0.7000000000000001 | F339: 0
A340: 2016 | B340: Guadeloupe | C340: 5 | D340: 0 | F340: 0
A341: 2017 | B341: Guadeloupe | C341: 5 | D341: 5 | F341: 0
A342: 2019 | B342: Guadeloupe | C342: 5 | D342: 0 | F342: 0
A343: 2020 | B343: Guadeloupe | C343: 5 | D343: 5 | F343: 0
A344: 2016 | B344: Martinique | C344: 5 | D344: 5 | F344: 0
A345: 2017 | B345: Martinique | C345: 5 | D345: 5 | F345: 0
A346: 2019 | B346: Martinique | C346: 5 | D346: 0 | F346: 0
A347: 2020 | B347: Martinique | C347: 5 | D347: 0 | F347: 0
A348: 2021 | B348: Martinique | C348: 5 | D348: 0 | F348: 0
A349: 2023 | B349: Martinique | C349: 5 | D349: 0 | F349: 0
A350: 2016 | B350: Cyprus (European Union) | C350: 3140 | D350: 2340 | E350: 0.744 | F350: 10
A351: 2017 | B351: Cyprus (European Union) | C351: 3345 | D351: 2635 | E351: 0.789 | F351: 10
A352: 2018 | B352: Cyprus (European Union) | C352: 2795 | D352: 2160 | E352: 0.773 | F352: 15
A353: 2019 | B353: Cyprus (European Union) | C353: 2705 | D353: 2070 | E353: 0.764 | F353: 10
A354: 2020 | B354: Cyprus (European Union) | C354: 2655 | D354: 2050 | E354: 0.771 | F354: 10
A355: 2021 | B355: Cyprus (European Union) | C355: 1335 | D355: 885 | E355: 0.662 | F355: 5
A356: 2022 | B356: Cyprus (European Union) | C356: 1210 | D356: 820 | E356: 0.675 | F356: 5
A357: 2023 | B357: Cyprus (European Union) | C357: 1225 | D357: 845 | E357: 0.6920000000000001 | F357: 5
A358: 2024 | B358: Cyprus (European Union) | C358: 1180 | D358: 820 | E358: 0.6970000000000001 | F358: 0
A359: 2025 | B359: Cyprus (European Union) | C359: 1115 | D359: 805 | E359: 0.72 | F359: 0
A360: 2018 | B360: St Martin (French part) | C360: 5 | D360: 0 | F360: 0
A361: 2019 | B361: St Martin (French part) | C361: 5 | D361: 5 | F361: 0
A362: 2020 | B362: St Martin (French part) | C362: 5 | D362: 5 | F362: 0
A363: 2021 | B363: St Martin (French part) | C363: 5 | D363: 0 | F363: 0
A364: 2022 | B364: St Barthelemy | C364: 5 | D364: 0 | F364: 0
A365: 2025 | B365: St Barthelemy | C365: 10 | D365: 10 | E365: 1 | F365: 0
A366: 2016 | B366: Alderney | C366: 5 | D366: 5 | F366: 0
A367: 2017 | B367: Alderney | C367: 5 | D367: 0 | F367: 0
A368: 2018 | B368: Alderney | C368: 5 | D368: 5 | F368: 0
A369: 2020 | B369: Alderney | C369: 5 | D369: 0 | F369: 0
A370: 2023 | B370: Alderney | C370: 5 | D370: 0 | F370: 0
A371: 2024 | B371: Alderney | C371: 5 | D371: 5 | F371: 0
A372: 2025 | B372: Alderney | C372: 5 | D372: 5 | F372: 0
...
